Unnamed:_0,TIN,Taxpayer,Tax_Account_No,Tax_Type,Tax_Period_Year,Assessment_No,Received_Date_,Entry_Date,Due_Date,Form_No,Form_Version_No,IRC_Form_Version_No,Form_Description,10.Gross_sales_(cash_/_credit,11.Gross_contract_and_sub-con,12.Partnership_distribution_i,13.Distributions_from_trusts,14.Oil_pipeline_tariffs_and_r,15.Dividend_income,16.Exchange_gains_/_losses,17.Interest_income,18.Rental_income,19.Royalty_income,20.Other_gross_income,90.TOTAL_GROSS_INCOME,100.Cost_of_goods_sold,101.Rented_property_expenses_i,102.Resource_operations_joint_,103.Amortisation,104.Advertising_and_promotion,105.Bad_debts_written_off,106.Borrowing_expenses,107.Commissions,108.Contract_employees,109.Consultancy_fees,110.Consumables,111.Depreciation,112.Development_levy,113.Directors'_fees_and_expens,114.Entertainment_expenses,115.Foreign_exchange_losses_/_,116.Gifts_and_donations,117.Insurance,118.Interest_expense_-_PNG,119.Interest_expense_-_Foreign,120.Lease_payments,121.Legal_expenses,122.Management_fees_-_PNG,123.Management_fees_-_Foreign,124.Motor_vehicle_expenses,125.Repairs_and_maintenance,126.Rental_expenses,127.Royalties_-_PNG,128.Royalties_-_Foreign,129.Salaries_/_wages,130.Superannuation_-_PNG,131.Superannuation_-_Foreign,132.Travel_and_accommodation,133.All_other_expenses,190.TOTAL_OPERATING_EXPENSES,200.Amortisation_charged_in_th,201.Depreciation_charged_in_th,202.Non-allowable_capital_expe,203.Increase_in_provisions_and,204.Income_Tax_(if_claimed_in_,205.Non-allowable_donations_or,206.Non-allowable_legal_expens,207.Goodwill_or_formation_expe,208.Recouped_lease_premiums,209.Excess_management_fees_(S6,210.Excess_interest_deductions,211.Other_items_not_allowable_,290.TOTAL_NON-DEDUCTIBLE_ITEMS,300.Non-assessable_income,301.Depreciation_for_tax_purpo,302.Depreciation-IncentiveOnly,303.Allowable_exploration_dedu,304.Allowable_capital_expendit,305.Allowable_capital_expendit,306.Section_155N_Inc.deduction,307.Double_deductions,308.Prior_Year_Losses_Utilised,309.Other_tax_deductible_items,310.Net_exempt_income,311.Res._royalty_and_dev.levy_,312.Other_Tax_Deductible_Items,390.TOTAL_DEDUCTIBLE_ITEMS_(ex,400.Dividend_rebate_(S216),401.Foreign_taxes_paid_(S219),402.Resource_royalty_and_devel,490.TOTAL_OTHER_CREDITS_AND_RE,500.Cash_/_Investments,501.Inventory_(closing_stock),502.Accounts_receivable_(trade,503.Pre-paid_Expenses,504.Other,515.TOTAL_CURRENT_ASSETS,520.Property_/_Equipment,521.Leasehold_Improvements,522.Equity_/_Other_Investments,523.Other,524.LESS_Accumulated_depreciat,535.TOTAL_FIXED_ASSETS,536.TOTAL_ASSETS,540.Accounts_payable,541.Accrued_salary_/_wages,542.Taxes_and_fees_payable,543.Unearned_revenue,544.Other,555.TOTAL_CURRENT_LIABILITIES,560.Mortgage,561.Loans_from_directors,562.Other_loans,563.Other_long-term_liabilitie,575.TOTAL_LONG-TERM_LIABILITIE,590.TOTAL_LIABILITIES,600.35_Interest,601.35A_Fishing_operations,602.42_Dividends,603.45B_Export_sales,604.45I_Rural_development_ince,605.45N_Bougainville_incentive,606.68A_Solar_heating,607.69A_Gifts_-_Sporting_bodie,"608.69C_Gifts_-_Law,_order,_an",609.69E_Gifts_-_Charitable_org,610.69H_Gifts_-_Law_/_order_pr,611.69I_Gifts_-_National_day_c,612.69K_Gifts_-_PNG_Sports_Fed,613.69M_Island_Forum,614.70A_Education_expenses_(in,615.72A_Double_deduction_-_Sta,616.72C_Double_deduction_-_Exp,617.72C_Double_deduction_-_Exp,618.73(3)_Depreciation_-_20%_l,619.73(4)_Depreciation_-_Fuel_,620.73(5)_Depreciation_-_Non-o,621.73(6)_Depreciation_-_Non-o,622.73(7)_Depreciation_-_Indus,623.73(9)_Depreciation_-_Prima,624.95(1)_Research_/_Developme,625.97A_Primary_production_dev,626.97B(1)_150%_Extension_serv,627.155J_Double_deduction_-_Un,628.155N_Amortisation_-_Explor,629.156D_Amortisation_-_Explor,630.156E_Double_deduction_-_Ex,631.158J_Amortisation_-_Allowa,632.Ch119_Pioneer_industries,633.219_Current_year_approved,634.219D_Expenditure_for_the_p,635.Other,690.TOTAL_Enter_the_sum_of_all,710.Current_Year_Profit_/_Loss,715.Loss_Utilised_From_Prior_Y,718.TAXABLE_INCOME,720.GROSS_TAX_,"730.Less_Other_Credits,_Rebate",740.GROSS_TAX_NET_OF_OTHER_CRE,750.Plus_Additional_Profits_Ta,755.Total_Tax_Payable,760.Less_Infrastructure_develo,770.Less_Interest_Withholding_,780.Less_Business_Payments_Tax,781.Total_Tax_To_Pay_(After_In,790.Less_Prov_Tax_-_APT,800.NET_TAX_PAYABLE_/_(REFUNDA,801.Instalment_basis_for_futur,901.Total_DIRECTOR'S_FEES,902.Total_SALARY_OR_WAGES,903.Total_ALLOWANCES,904.Total_SALARY/WAGES_TAX_DED,911.Total_BPT__INCOME,912.Total_BPT_TAX_DEDUCTED,919.SCHEDULE_3,920.Total_dividends_paid_durin,921.Total_DWT_due,922.LESS_DWT_paid,923.TOTAL_1_-_DIVIDENDS_PAID_(,924.Total_GROSS_DIVIDEND_OR_DI,925.Total_DWT_DEDUCTED,926.Total_DIVIDEND_FOREIGN_TAX,927.ADD_DWT_or_UTWT_carried_fo,928.TOTAL_2_(DWT_deducted_plus,929.BALANCE_PAYABLE_/_(OR_TO_B,931.Total_GROSS_INTEREST_PAID,932.Total_IWT_DEDUCTED,933.FOREIGN_TAX_PAID_(IF_APPLI,951.Total_TOTAL_RENT_PAID_DURI,966.ROYALTY_PAYMENTS_Tot._Paid,971.MANAGEMENT_FEES_Tot._Paid,976.FOREIGN_SHIPPING_Tot._AMO,981.SUPER_Total_FULLY-TAXED,982.SUPER_Total_EMPLOYER'S,983.SUPER_Total_EMPLOYEES',984.SUPER_Total_PAYOUTS,985.SUPER_Total_LOAN_BAL_START,986.SUPER_Total_INTEREST,987.SUPER_Total_REPAYMENTS,"988.SUPER_Total_LOAN,BAL_END",991.TOTAL_BENEFICIARY'S_SHARE,992.TOTAL_AMOUNT_Income_Deriv,Sector_Activity,Ent_Activity_Code,Enterprise_Activity,632.S219C_Infrastr.Develop._Cr,636.S35_Tax_Foregone,637.S35A_Tax_Foregone,638.S42_Tax_Foregone,639.S45I_Tax_Foregone,640.S68A_Tax_Foregone,641.S69A_Tax_Foregone,642.S69C_Tax_Foregone,643.S69E_Tax_Foregone,644.S69H_Tax_Foregone,645.S72C_D.Ded.Manufac,646.S72C_D.Ded.Tourism,647.S73(3)_Tax_Foregone,648.S73(4)_Tax_Foregone,649.S73(5)_Tax_Foregone,650.S73(6)_Tax_Foregone,651.S73(7)_Tax_Foregone,652.S73(9)_Tax_Foregone,653.S95(1)_Tax_Foregone,654.S97A_Tax_Foregone,655.S97B(1)_Tax_Foregone,656.S155J_Tax_Foregone,657.S155N_Tax_Foregone,658.S156D_Tax_Foregone,659.S158J_Tax_Foregone,660.S219C_Tax_Foregone,661.Other_Tax_Foregone,689.TOTAL_Tax_Revenue_Foregone,763.Less_Res.Royalty/Dev_levy,782.Tot.Tax_To_Pay_(AfterRRDCr,Assessed_Date,1.Percentage_of_gross_sales,311.Res_royalty_and_dev_levy.1,Total_Sales_Revenue,Total_Distributions_Royalties,Total_Investment_Income,Total_Other_Income,Total_Cost_of_Goods_Sold,Total_Property_Rental_Expenses,Total_Resource_Operations,Total_Depreciation_Amortization,Total_Marketing_Promotion,Total_Financial_Expenses,Total_Employee_Expenses,Total_Professional_Fees,Total_Operational_Expenses,Total_Amortization_Depreciation,Total_Non_Allowable_Capital_Expenses,Total_Provisions_Taxes,Total_Non_Allowable_Donations_Legal,Total_Goodwill_Formation_Expenses,Total_Recouped_Lease_Premiums,Total_Excess_Fees_Interest,Total_Other_Non_Allowable_Items,Total_Non_Assessable_Income,Total_Depreciation,Total_Exploration_Capital_Expenditure,Total_Section_Specific_Deductions,Total_Prior_Year_Losses,Total_Other_Deductible_Items,Total_Net_Exempt_Income,Total_Resource_Royalty_Dev_Levy,Total_Dividend_Rebate,Total_Foreign_Taxes_Paid,Total_Resource_Royalty_Development,Total_Current_Assets,Total_Fixed_Assets,Total_Current_Liabilities,Total_Long_Term_Liabilities,Total_Tax_Incentives_Deductions,Total_Taxable_Income_Tax_Payable,Total_Section_Specific_Tax_Foregone,Total_Other_Tax_Foregone,Total_Directors_Salary_Related,Total_Business_Payments_Tax,Total_Dividends,Total_Interest_Withholding_Tax,Total_Rent_Royalty_Payments,Total_Management_Foreign_Shipping_Fees,Total_Superannuation_Payments,Total_Loan_Related_Payments,Total_Liabilities,Total_Gross_Income,Non_Operating_Income
0,500000009,WESTPAC BANK (PNG) LTD,32920,CORPORATE INCOME TAX,2015,1517605,30-06-2016,14-12-2018,30-06-2016,39,4,CIT COY1 PT,CORPORATE INCOME TAX RETURN FORM 1 for PT Resident Company,0,0,0,0,0,0,75963647,224381154,0,0,49290663,349635464,0,0,0,0,993098,780305,0,2935,0,0,0,7189430,0,220000,590422,-3663,0,251958,20804523,0,0,1016331,0,11560428,365813,1108922,10152769,0,0,0,1722353,0,1422205,61113193,119291022,0,7189430,0,0,0,590422,91934,0,0,0,0,106293923,114165709,0,39792568,0,0,0,0,0,132913,0,78250578,0,,,118176059,0,0,0,0,1435684,0,0,0,17430,1453114,0,0,0,3005009,0,3005009,4458123,109649,0,0,0,3383825,3493474,0,0,0,0,0,3493474,0,0,0,0,0,0,0,0,0,0,0,0,0,0,0,132913,0,0,0,0,0,0,0,0,0,0,0,0,0,0,0,0,0,0,0,0,132913,226334092,0,226334092,67900227.6,0,67900227.6,0,67900227.6,0,0,0,67900227.6,72000001.34,-4099773.74,67900227.6,0,0,0,0,0,0,0,0,0,0,0,0,0,0,0,0,0,0,0,0,0,0,0,0,0,0,0,0,0,0,0,0,0,0,"8000 FINANCE, INSURANCE, BUSINESS SERVICES AND REAL ESTATE ACTIVITIES",8110,BANKS AND SAVING AND LOAN SOCIETIES,,,,,,,,,,,,,,,,,,,,,,,,,,,,,,,,,,0,0,224381154,125254310,0,10152769,0,7189430,993098,21584828,1722353,12579694,65068850,7189430,0,0,682356,0,0,0,106293923,0,14378860,0,132913,0,,0,,0,0,0,1453114,3005009,3493474,0,132913,860069549.6,0,,0,0,0,0,0,0,0,0,3493474,349635464,125254310
1,500000009,WESTPAC BANK (PNG) LTD,32920,CORPORATE INCOME TAX,2016,1517669,07-07-2017,14-12-2018,03-07-2017,39,5,CIT COY1 PT,CORPORATE INCOME TAX RETURN FORM 1 for PT Resident Company,0,0,0,0,0,0,83362634.23,213729383.1,0,0,58496784.17,355588801.5,0,0,0,0,569578.85,1483486.48,0,1630.3,0,0,0,9479780.89,0,219996,487512.69,-3727.98,253471.59,411819.87,15190755.62,0,0,945662.23,0,17149164.16,343057.2,1633152.29,10517018.04,0,0,27713679.12,1664056.43,0,37992.33,35453057.5,123551143.6,0,9320780.89,0,0,0,498073.81,68903.2,0,0,0,0,80050455.34,89938213.24,0,27338301.86,0,0,0,0,0,41796.59,0,72689006.45,0,,,100069104.9,0,0,0,0,913258.98,0,0,0,62034.87,975293.85,56194.68,58917.09,0,3195595.99,0,3310707.76,4286001.61,205367.29,0,0,0,3120322.26,3325689.55,0,0,0,0,0,3325689.55,0,0,0,0,0,0,0,0,0,0,0,0,0,0,0,41796.59,0,0,0,0,0,0,0,0,0,0,0,0,0,0,0,0,0,0,0,0,41796.59,221906766.2,0,221906766.2,66572029.87,0,66572029.87,0,66572029.87,0,0,0,66572029.87,68988493.23,-2416463.36,66572029.87,87500,0,12000,41790,0,0,0,146155800,22409762.27,22409762.27,123746037.7,0,0,0,0,0,123746037.7,0,0,0,0,0,0,0,0,0,0,0,0,0,0,0,0,0,"8000 FINANCE, INSURANCE, BUSINESS SERVICES AND REAL ESTATE ACTIVITIES",8110,BANKS AND SAVING AND LOAN SOCIETIES,,,,,,,,,,,,,,,,,,,,,,,,,,,,,,,,,,0,0,213729383.1,141859418.4,0,10517018.04,0,9479780.89,569578.85,16674242.1,29377735.55,18096456.69,38836331.49,9320780.89,0,0,566977.01,0,0,0,80050455.34,0,18800561.78,0,41796.59,0,,0,,0,0,0,975293.85,3310707.76,3325689.55,0,41796.59,843245711.7,0,,141290,0,438467400,0,0,0,0,0,3325689.55,355588801.5,141859418.4
2,500000009,WESTPAC BANK (PNG) LTD,32920,CORPORATE INCOME TAX,2017,1517715,02-10-2018,14-12-2018,02-07-2018,39,6,CIT COY1 PT,CORPORATE INCOME TAX RETURN FORM 1 for PT Resident Company,0,0,0,0,0,0,4846,205452002,0,0,141613648,347070496,0,0,0,4293973,422672,984704,0,0,0,0,0,14718291,0,118739,396360,0,16453,287195,6881378,0,0,930407,0,16320246,358667,2622882,11420496.78,0,0,33560173,1742196,0,1970593,35226022,132271447.8,4293973,14718291,0,0,0,396359.72,116598,0,0,0,0,81803470.86,101328692.6,0,24485511.1,0,0,0,0,0,0,0,58635394.64,0,,,83120905.74,0,0,0,0,1789780711,0,0,0,122770922,1912551633,132537730,0,0,1722955469,71853898,1783639301,3696190934,0,0,0,0,2698724329,2698724329,0,0,0,0,0,2698724329,0,0,0,0,0,0,0,0,0,0,0,0,0,0,0,0,0,0,0,0,0,0,0,0,0,0,0,0,0,0,0,0,0,0,0,0,0,233006835.1,0,233006835.1,69902050.52,0,69902050.52,0,69902050.52,0,0,0,69902050.52,66000000,3902050.52,69902050.52,139000,0,0,60060,0,0,0,136616703,20499566.91,20499566.91,116117136.1,0,0,0,0,0,116117136.1,205452001.9,0,0,11420496.78,512012,16174037.33,0,0,0,0,0,0,0,0,0,0,0,"8000 FINANCE, INSURANCE, BUSINESS SERVICES AND REAL ESTATE ACTIVITIES",8110,BANKS AND SAVING AND LOAN SOCIETIES,,,,,,,,,,,,,,,,,,,,,,,,,,,,,,,,,,0,0,205452002,141618494,0,11420496.78,0,19012264,422672,7866082,35302369,17250653,40996911,19012264,0,0,512957.72,0,0,0,81803470.86,0,29436582,0,0,0,,0,,0,0,0,1912551633,1927347097,2698724329,0,0,885425973.2,0,,199060,0,409850108.9,205452001.9,11932508.78,16174037.33,0,0,2698724329,347070496,141618494
3,500000009,WESTPAC BANK (PNG) LTD,32920,CORPORATE INCOME TAX,2018,1771395,30-06-2019,26-07-2019,01-07-2019,39,7,CIT COY1 PT,CORPORATE INCOME TAX RETURN FORM 1 for PT Resident Company,0,0,0,0,0,0,3539,201457832,0,0,137987077,339448448,0,0,0,5383123,679465,654923,0,0,0,0,0,11040732,0,141443,283649,0,185160,336237,6832307,0,0,898736.21,0,22479049,424327,1379326,14329733,0,0,35747975,1179201,682579,1046735,37940305,141645005.2,5383123,11040732,0,0,0,283649,100311,0,0,0,0,71329662,88137477,0,22949565,0,0,0,0,0,0,0,0,0,0,62610196,85559761,0,0,,0,1967718711,0,0,3334776,0,1971053487,144738116,0,33300,1672833347,87578436,1730026327,3701079814,0,0,0,0,2437400175,2437400175,0,0,0,276878521,276878521,2714278696,0,0,0,,0,,0,0,0,0,0,,,,0,,0,0,0,0,0,0,0,0,0,0,0,0,0,0,,0,,,,0,0,200381158.8,0,200381158.8,60114347.64,0,60114347.64,0,60114347.64,0,0,0,60114347.64,66000000,-5885652.36,60114347.64,260265,0,0,91920.32,0,0,0,98190084.89,14728512.74,14728512.74,83461572.15,0,0,0,0,0,83461572.15,201457831.8,0,0,14329733,338810.7,22479048.19,0,0,0,0,0,0,0,0,0,0,0,"8000 FINANCE, INSURANCE, BUSINESS SERVICES AND REAL ESTATE ACTIVITIES",8110,BANKS AND SAVING AND LOAN SOCIETIES,,,,,,,,,,,,,,,,,,,,,,,,,,,,,,,,,,0,0,201457832,137990616,0,14329733,0,16423855,679465,7487230,37609755,23377785.21,41737182,16423855,0,0,383960,0,0,0,71329662,0,22081464,0,0,0,62610196,0,0,0,0,,1971053487,1905183199,2437400175,276878521,0,761448403.4,0,,352185.32,0,294570254.7,201457831.8,14668543.7,22479048.19,0,0,2714278696,339448448,137990616
4,500000036,BANK OF SOUTH PACIFIC LIMITED,35269,CORPORATE INCOME TAX,2015,324472,30-06-2016,04-07-2016,30-06-2016,39,4,CIT COY1 PT,CORPORATE INCOME TAX RETURN FORM 1 for PT Resident Company,0,0,0,0,0,0,0,990183000,0,0,501657000,1491840000,0,0,0,44223948,10666342,74841824,0,3305489,0,8995159,57869,67607204,0,1781153.47,775737,0,814065,4563371,0,0,0,2586623,0,0,0,35132033,43145336,0,0,191745148,11079437,152901.47,6958820,255271389.1,763703849,44223948,67607204,0,78820569.95,0,775737,526339.9,0,0,0,0,793845108.2,985798907,0,106923159,0,0,0,0,0,0,0,736678334,0,,,843601493,2073,29218338,0,29220411,7500286000,0,8181227000,0,842757000,16524270000,597373000,0,0,0,0,597373000,17121643000,344877000,0,36168000,0,14380831000,14761876000,0,0,0,428777000,428777000,15190653000,0,0,0,0,0,0,0,0,0,0,0,0,0,0,0,155025.9,0,0,0,0,0,0,0,0,0,0,0,0,0,0,0,0,0,0,6460379,3552440,10167844.9,870333565,0,870333565,261100069.5,29220411,231879658.5,0,231879658.5,0,0,0,231879658.5,189866521,42013137.5,231879658.5,0,0,0,0,0,0,0,0,0,0,0,0,0,0,0,0,0,0,0,0,0,0,0,0,0,0,0,0,0,0,0,0,0,0,"8000 FINANCE, INSURANCE, BUSINESS SERVICES AND REAL ESTATE ACTIVITIES",8110,BANKS AND SAVING AND LOAN SOCIETIES,,,,,,,,,,,,,,,,,,,,,,,,,,,,,,,,,,0,0,990183000,501657000,0,43145336,0,111831152,10666342,74841824,202977486.5,14887271,305354437.5,111831152,0,78820569.95,1302076.9,0,0,0,793845108.2,0,135214408,0,0,0,,0,,2073,29218338,0,16524270000,597373000,14761876000,428777000,10167844.9,3190385903,0,,0,0,0,0,0,0,0,0,15190653000,1491840000,501657000
5,500000036,BANK OF SOUTH PACIFIC LIMITED,35269,CORPORATE INCOME TAX,2016,1080585,29-06-2017,14-02-2018,03-07-2017,39,5,CIT COY1 PT,CORPORATE INCOME TAX RETURN FORM 1 for PT Resident Company,0,0,0,0,0,0,0,1060888099,0,0,617809466,1678697565,0,0,0,30521652.48,6093088.13,73028745.52,0,906050.75,0,8382296.71,100902.88,58299341.95,0,1935271.68,1163932.9,0,808204.35,5191939.72,160197329,0,0,1922833.84,0,0,0,51095418,51167194,0,0,219939689.6,12374713.29,171371.49,7774337,108525412.7,799599726,30521652.48,58299525.74,0,67766792.3,0,1163932.9,506547.66,0,0,0,0,839167399.9,997425851,0,188586402.5,0,0,0,0,0,0,0,730832090.1,0,,,919418492.7,1054045.1,37512370.42,0,38566415.52,6460174423,0,9255080324,0,2942903116,18658157863,847675065,0,0,0,278506928,569168137,19227326000,16547043359,0,0,0,520832641,17067876000,0,0,0,0,0,17067876000,0,0,0,0,0,0,0,0,0,0,0,0,0,0,0,107508.6,0,0,0,0,0,0,0,0,0,0,0,0,0,0,0,0,0,0,10378653.01,0,10486161.61,957105197.3,0,957105197.3,287131559.2,38566415.52,248565143.7,0,248565143.7,10378653.01,29000,0,238186490.7,248931401.7,-10773911.02,238157490.7,0,0,0,0,0,0,0,0,0,0,0,0,0,0,0,0,0,0,0,0,0,0,0,0,0,0,0,0,0,0,0,0,0,0,"8000 FINANCE, INSURANCE, BUSINESS SERVICES AND REAL ESTATE ACTIVITIES",8110,BANKS AND SAVING AND LOAN SOCIETIES,,,,,,,,,,,,,,,,,,,,,,,,,,,,,,,,,,0,0,1060888099,617809466,0,51167194,0,88820994.43,6093088.13,233226074.5,232485774.4,11211181.3,176595419.2,88821178.22,0,67766792.3,1670480.56,0,0,0,839167399.9,0,116598867.7,0,0,0,,0,,1054045.1,37512370.42,0,18658157863,1126181993,17067876000,0,10486161.61,3461947782,0,,0,0,0,0,0,0,0,0,17067876000,1678697565,617809466
6,500000036,BANK OF SOUTH PACIFIC LIMITED,35269,CORPORATE INCOME TAX,2017,1298164,28-06-2018,04-07-2018,02-07-2018,39,6,CIT COY1 PT,CORPORATE INCOME TAX RETURN FORM 1 for PT Resident Company,0,0,0,0,0,33072430.85,0,1349134295,0,0,622905569.2,2005112295,0,0,0,26358638.95,5629734.94,81038420.09,0,188862.56,0,13825121.46,214591.44,61700875.71,0,1961458.04,908952.04,0,790803.12,11103231,141106447.3,0,0,3912060,0,0,0,47785630.55,62314953,0,0,264232738.2,12889972.62,179579.4,7502303,247213642.6,990858016,26358638.95,61700875.71,0,68168898.53,0,908952.04,527226.73,0,0,0,0,898298465,1055963057,0,82815908.89,0,0,0,0,0,0,0,847532263.1,0,,,930348172,9921729.26,37732715.99,0,47654445.25,8763738510,0,10094470443,0,931159000,19789367953,849132296,0,0,0,274827296,574305000,20363672953,17281321850,0,0,0,671349150,17952671000,0,0,0,0,0,17952671000,0,0,0,0,0,0,0,0,0,0,0,0,0,0,0,135965.76,0,0,0,0,0,0,0,0,0,0,0,0,0,0,0,0,0,0,0,0,135965.76,1139869164,0,1139869164,341960749.2,47654445.25,294306304,0,294306304,0,0,0,294306304,257210088,37096215.95,294306304,1909429,720558.84,0,0,0,0,0,0,0,0,0,0,0,0,0,0,0,1349134295,0,0,62314953,0,6681072.33,0,0,0,0,0,0,0,0,0,0,0,"8000 FINANCE, INSURANCE, BUSINESS SERVICES AND REAL ESTATE ACTIVITIES",8110,BANKS AND SAVING AND LOAN SOCIETIES,,,,,,,,,,,,,,,,,,,,,,,,,,,,,,,,,,0,0,1382206726,622905569.2,0,62314953,0,88059514.66,5629734.94,222144867.4,277302290.2,17926044.02,317480611.8,88059514.66,0,68168898.53,1436178.77,0,0,0,898298465,0,123401751.4,0,0,0,,0,,9921729.26,37732715.99,0,19789367953,1123959592,17952671000,0,135965.76,4140885042,0,,2629987.84,0,0,1349134295,62314953,6681072.33,0,0,17952671000,2005112295,622905569.2
7,500000036,BANK OF SOUTH PACIFIC LIMITED,35269,CORPORATE INCOME TAX,2018,1680477,09-04-2019,08-05-2019,01-07-2019,39,7,CIT COY1 PT,CORPORATE INCOME TAX RETURN FORM 1 for PT Resident Company,0,0,0,0,0,26385865.91,0,1460484000,0,0,675031121.1,2161900987,0,0,0,22546197.16,5475853.48,75673049.35,0,651414.93,0,10467378.31,202862.71,64572263.43,0,4559089.27,1256228.24,0,2639486.49,12367527.25,166089654.2,0,0,1719045.31,0,0,0,56858754.82,46969035,0,0,272330947.9,14021003.41,185281.04,3462222,283313000,1045360294,22546197.16,64572263.43,0,56196757.96,0,1256228.24,0,0,0,0,0,985255607.4,1129827054,0,81032498.94,0,0,0,0,0,0,0,0,0,0,971799433.9,1052831933,7915759.77,46373922.71,,54289682.48,7939151000,0,11232725000,0,986323000,20158199000,822633000,0,0,0,284452000,538181000,20696380000,17726151000,0,0,0,369343000,18095494000,0,0,0,0,0,18095494000,0,0,0,,0,,0,0,0,0,0,,,,0,,0,0,0,0,0,0,0,0,0,0,0,0,0,0,,0,,,,0,0,1193535814,0,1193535814,358060744.2,54289682.48,303771061.7,0,303771061.7,0,0,0,303771061.7,317397768.7,-13626706.98,303771061.7,3199820,0,0,1303944.25,0,0,0,601698379.3,10817880.11,10817880.11,590880499.2,0,0,0,0,0,590880499.2,1460484000,0,0,46969035,0,0,0,0,0,0,0,0,0,0,0,0,0,"8000 FINANCE, INSURANCE, BUSINESS SERVICES AND REAL ESTATE ACTIVITIES",8110,BANKS AND SAVING AND LOAN SOCIETIES,,,,,,,,,,,,,,,,,,,,,,,,,,,,,,,,,,0,0,1486869866,675031121.1,0,46969035,0,87118460.59,5475853.48,241762703.6,286537232.3,12837838.55,364659170.8,87118460.59,0,56196757.96,1256228.24,0,0,0,985255607.4,0,129144526.9,0,0,0,971799433.9,0,0,7915759.77,46373922.71,,20158199000,1107085000,18095494000,0,0,4318277364,0,,4503764.25,0,1805095138,1460484000,46969035,0,0,0,18095494000,2161900987,675031121.1
8,500000045,PNG WATER LIMITED,190930,CORPORATE INCOME TAX,2015,1173665,10-06-2016,13-04-2018,28-09-2016,39,4,CIT COY1 PT,CORPORATE INCOME TAX RETURN FORM 1 for PT Resident Company,20438678,0,0,0,0,0,0,8965964,0,0,1876550,31281192,0,0,0,0,0,0,0,0,0,50000,0,0,0,61800,0,12221,17000,51,0,0,0,0,0,127200,0,0,12000,0,0,50400,0,0,11149,21355101,21696922,0,0,0,0,0,17000,0,0,0,0,0,928,17928,0,0,0,0,0,0,0,0,0,0,0,,,0,0,0,0,0,20718401,0,3962553,0,17091967,41772921,179476,0,0,40107277,179462,40107291,81880212,1595528,0,200272,0,2836735,4632535,0,0,0,0,0,4632535,0,0,0,0,0,0,0,0,0,0,0,0,0,0,0,0,0,0,0,0,0,0,0,0,0,0,0,0,0,0,0,0,0,0,0,0,0,9602198,0,9602198,2880659.4,0,2880659.4,0,2880659.4,0,29980,0,2880659.4,4175298,-1324618.6,2850679.4,61800,0,0,21800,0,0,0,33000000,3590400,3590400,29409600,0,0,0,0,0,29409600,8965964,29980,0,12000,0,0,0,0,0,0,0,0,0,0,0,0,0,"4000 ELECTRICITY, GAS AND WATER SUPPLY",4300,"WATER COLLECTION, TREATMENT AND SUPPLY",,,,,,,,,,,,,,,,,,,,,,,,,,,,,,,,,,20438678,0,8965964,1876550,0,12000,0,0,0,0,50400,177200,21457322,0,0,0,17000,0,0,0,928,0,0,0,0,0,,0,,0,0,0,41772921,40466215,4632535,0,0,36458372.4,0,,83600,0,99000000,8995944,12000,0,0,0,4632535,31281192,1876550
9,500000045,PNG WATER LIMITED,190930,CORPORATE INCOME TAX,2016,1173752,21-07-2017,13-04-2018,28-09-2017,39,5,CIT COY1 PT,CORPORATE INCOME TAX RETURN FORM 1 for PT Resident Company,21770429,0,0,0,0,0,0,7348874,0,0,2030393,31149696,22130429,0,0,0,0,0,0,0,0,50000,0,0,0,90000,0,-4186,60000,84,0,0,0,0,120000,0,0,0,12000,0,0,50400,0,0,18504,52845,22580076,0,0,0,0,0,60000,0,0,0,0,0,0,60000,0,0,0,0,0,0,0,0,0,0,0,,,0,0,0,0,0,38819368,0,4206571,0,43216931,86242870,179476,0,0,0,179462,14,86242884,2055141,0,208859,0,750473,3014473,0,0,0,0,0,3014473,0,0,0,0,0,0,0,0,0,0,0,0,0,0,0,0,0,0,0,0,0,0,0,0,0,0,0,0,0,0,0,0,0,0,0,0,0,8629620,0,8629620,2588886,0,2588886,0,2588886,0,78052,0,2588886,3300000,-789166,2510834,90000,0,0,23400,0,0,0,0,0,0,0,0,0,0,0,0,0,7348874,78052,0,12000,0,120000,0,0,0,0,0,0,0,0,0,0,0,"4000 ELECTRICITY, GAS AND WATER SUPPLY",4300,"WATER COLLECTION, TREATMENT AND SUPPLY",,,,,,,,,,,,,,,,,,,,,,,,,,,,,,,,,,21770429,0,7348874,2030393,22130429,12000,0,0,0,0,50400,170000,217247,0,0,0,60000,0,0,0,0,0,0,0,0,0,,0,,0,0,0,86242870,358938,3014473,0,0,32714504,0,,113400,0,0,7426926,12000,120000,0,0,3014473,31149696,2030393
10,500000045,PNG WATER LIMITED,190930,CORPORATE INCOME TAX,2017,1337670,27-07-2018,30-07-2018,28-09-2018,39,6,CIT COY1 PT,CORPORATE INCOME TAX RETURN FORM 1 for PT Resident Company,22935355,0,0,0,0,0,0,5703270,0,0,2148281,30786906,22935355,0,0,0,0,0,0,0,0,80000,0,0,0,90000,0,1533,5000,0,0,0,0,0,0,120000,0,0,12000,0,0,50400,0,0,12230,53940,23360458,0,0,0,0,0,5000,0,0,0,0,0,0,5000,0,0,0,0,0,0,0,0,0,0,0,,,0,0,0,0,0,58891599,0,4370466,0,24178301,87440366,179476,0,0,3537340,179462,3537354,90977720,1979362,0,209757,0,363176,2552295,0,0,0,0,0,2552295,0,0,0,0,0,0,0,0,0,0,0,0,0,0,0,0,0,0,0,0,0,0,0,0,0,0,0,0,0,0,0,0,0,0,0,0,0,7431448,0,7431448,2229434.4,0,2229434.4,0,2229434.4,0,165720,0,2229434.4,3564000,-1500285.6,2063714.4,90000,0,0,19800,0,0,0,0,0,0,0,0,0,0,0,0,0,5703270,165720,0,12000,0,120000,0,0,0,0,0,0,0,0,0,0,0,"4000 ELECTRICITY, GAS AND WATER SUPPLY",4300,"WATER COLLECTION, TREATMENT AND SUPPLY",,,,,,,,,,,,,,,,,,,,,,,,,,,,,,,,,,22935355,0,5703270,2148281,22935355,12000,0,0,0,0,50400,200000,162703,0,0,0,5000,0,0,0,0,0,0,0,0,0,,0,,0,0,0,87440366,3896278,2552295,0,0,28073782.4,0,,109800,0,0,5868990,12000,120000,0,0,2552295,30786906,2148281
11,500000045,PNG WATER LIMITED,190930,CORPORATE INCOME TAX,2018,1782451,31-07-2019,05-08-2019,30-09-2019,39,7,CIT COY1 PT,CORPORATE INCOME TAX RETURN FORM 1 for PT Resident Company,24663729,0,0,0,0,0,0,4182121,0,0,2238432,31084282,24663729,0,0,0,0,0,0,0,0,80000,0,0,0,85500,0,144,7000,95,0,0,0,12340,0,120000,0,0,12000,0,0,44100,0,0,21338,73397,25119643,0,0,0,0,0,7000,0,0,0,0,0,0,7000,0,0,0,0,0,0,0,0,0,0,0,0,0,0,0,0,,0,83558264,0,5224969,0,6678361,95461594,179476,0,0,0,179462,14,95461608,2258594,0,132809,0,471633,2863036,0,0,0,0,0,2863036,0,0,0,,0,,0,0,0,0,0,,,,0,,0,0,0,0,0,0,0,0,0,0,0,0,0,0,,0,,,,0,0,5971639,0,5971639,1791491.7,0,1791491.7,0,1791491.7,0,322572,0,1791491.7,0,1468919.7,1468919.7,0,0,0,0,0,0,0,0,0,0,0,0,0,0,0,0,0,0,0,0,0,0,0,0,0,0,0,0,0,0,0,0,0,0,"4000 ELECTRICITY, GAS AND WATER SUPPLY",4300,"WATER COLLECTION, TREATMENT AND SUPPLY",,,,,,,,,,,,,,,,,,,,,,,,,,,,,,,,,,24663729,0,4182121,2238432,24663729,12000,0,0,0,0,44100,212340,187474,0,0,0,7000,0,0,0,0,0,0,0,0,0,0,0,0,0,0,,95461594,358938,2863036,0,0,22369656.2,0,,0,0,0,0,0,0,0,0,2863036,31084282,2238432
12,500000054,KINA BANK LIMITED,193666,CORPORATE INCOME TAX,2015,1139167,29-06-2016,21-03-2018,30-06-2016,39,4,CIT COY1 PT,CORPORATE INCOME TAX RETURN FORM 1 for PT Resident Company,0,0,0,0,0,0,0,29355811.51,0,0,27556134.03,56911945.54,0,0,0,0,50501.74,1370566.12,0,0,0,41445.65,0,1474948.26,0,325032.25,27817.6,0,13000,384337.22,877136.65,0,0,0,0,0,0,197587.54,673015.75,0,0,2300858.31,68437.33,164610,168354.04,8760868.67,16898517.13,0,1474948.26,0,4023461.43,0,40817.6,0,0,0,0,0,494819.65,6034046.94,0,1258532.83,0,0,0,0,0,0,0,74343.8,0,,,1332876.63,0,0,0,0,298872758,0,178725738,0,158305494,635903990,13782610,0,179598129,0,5325030,188055709,823959699,0,0,0,0,574182869,574182869,0,0,0,0,0,574182869,0,0,0,0,0,0,0,0,0,0,0,0,0,0,0,0,0,0,0,0,0,0,0,0,0,0,0,0,0,0,0,0,0,0,0,0,0,44714598.72,0,44714598.72,13414379.62,0,13414379.62,0,13414379.62,0,0,0,13414379.62,-76202.64,13414379.62,13414379.62,143432,0,0,45984.99,0,0,0,0,0,0,0,0,0,0,0,0,0,0,0,0,2144145.3,0,0,0,0,0,0,0,0,0,0,0,0,0,"8000 FINANCE, INSURANCE, BUSINESS SERVICES AND REAL ESTATE ACTIVITIES",8110,BANKS AND SAVING AND LOAN SOCIETIES,,,,,,,,,,,,,,,,,,,,,,,,,,,,,,,,,,0,0,29355811.51,27556134.03,0,673015.75,0,1474948.26,50501.74,2247702.77,2533905.64,41445.65,9876997.32,1474948.26,0,4023461.43,40817.6,0,0,0,494819.65,0,2949896.52,0,0,0,,0,,0,0,0,635903990,198705769,574182869,0,0,169839272.5,0,,189416.99,0,0,0,2144145.3,0,0,0,574182869,56911945.54,27556134.03
13,500000054,KINA BANK LIMITED,193666,CORPORATE INCOME TAX,2016,1139237,30-06-2017,21-03-2018,03-07-2017,39,5,CIT COY1 PT,CORPORATE INCOME TAX RETURN FORM 1 for PT Resident Company,0,0,0,0,0,0,0,60141444,0,0,26847881,86989325,0,0,0,0,372898.58,1647155,0,0,0,277951.37,173445.08,2082078,0,0,29609.24,0,4000,311750.33,10142109.15,0,0,269980.86,2307293,0,116648.91,341772.29,5316174.37,0,0,5317914.73,0,0,0,18255608.09,46966389,0,2082078,0,6991785.06,0,33988.24,0,0,0,0,0,199357.49,9307208.79,0,3281021.17,0,0,0,0,0,0,0,12505342.72,0,,,15786363.89,0,0,0,0,336145455,0,600845818,0,209856797,1146848070,18766946,0,64328380,0,7238796,75856530,1222704600,962227270,1160713,0,0,38911023,1002299006,0,0,0,0,0,1002299006,0,0,0,0,0,0,0,0,0,0,0,0,0,0,0,0,0,0,0,0,0,0,0,0,0,0,0,0,0,0,0,0,0,0,0,0,0,33543780.9,0,33543780.9,10063134.27,0,10063134.27,0,10063134.27,0,0,0,10063134.27,-240027.93,10063134.27,10063134.27,0,0,0,0,0,0,0,0,0,0,0,0,0,0,0,0,0,60141444,0,0,5316174.37,0,0,0,0,0,0,0,0,0,0,0,0,0,"8000 FINANCE, INSURANCE, BUSINESS SERVICES AND REAL ESTATE ACTIVITIES",8110,BANKS AND SAVING AND LOAN SOCIETIES,,,,,,,,,,,,,,,,,,,,,,,,,,,,,,,,,,0,0,60141444,26847881,0,5316174.37,0,2082078,372898.58,11789264.15,5317914.73,2855225.23,19232833.94,2082078,0,6991785.06,33988.24,0,0,0,199357.49,0,4164156,0,0,0,,0,,0,0,0,1146848070,90334122,1002299006,0,0,127226339.5,0,,0,0,0,60141444,5316174.37,0,0,0,1002299006,86989325,26847881
14,500000054,KINA BANK LIMITED,193666,CORPORATE INCOME TAX,2017,1352657,27-06-2018,08-08-2018,02-07-2018,39,6,CIT COY1 PT,CORPORATE INCOME TAX RETURN FORM 1 for PT Resident Company,0,0,0,0,0,0,7296718.64,102480125.1,0,0,8765200.65,118542044.4,0,0,0,0,834831.8,2413080.06,0,0,0,69671.81,176299.28,2504636.97,0,510065.11,38318.98,0,22341.07,272621.32,26838852.44,0,0,296703.8,4677047.85,0,135948.56,283750.34,5356104.26,0,0,10897813.7,404184.16,0,409227.92,30867341.66,87008841.09,0,2504636.97,0,0,0,38318.98,29244.17,0,0,0,0,191699.26,2763899.38,0,2555618.73,0,0,0,0,0,0,0,418168.91,0,,,2973787.64,0,0,0,0,224922749.5,0,725801306.7,0,240022332.8,1190746389,26514831.86,0,79877699.09,0,9743432.96,96649097.99,1287395487,1022433723,1276037.31,0,0,20747951.68,1044457712,0,0,0,0,0,1044457712,0,0,0,0,0,0,0,0,0,0,0,0,0,0,0,0,0,0,0,0,0,0,0,0,0,0,0,0,0,0,0,0,0,0,0,0,0,31323315.04,0,31323315.04,9396994.51,0,9396994.51,0,9396994.51,0,0,0,9396994.51,9157666.14,239328.37,9396994.51,0,0,0,0,0,0,0,0,0,0,0,0,0,0,0,0,0,102480125.1,0,0,5356104.26,0,0,0,0,0,0,0,0,0,0,0,0,0,"8000 FINANCE, INSURANCE, BUSINESS SERVICES AND REAL ESTATE ACTIVITIES",8110,BANKS AND SAVING AND LOAN SOCIETIES,,,,,,,,,,,,,,,,,,,,,,,,,,,,,,,,,,0,0,102480125.1,16061919.29,0,5356104.26,0,2504636.97,834831.8,29251932.5,11301997.86,5043423.46,32715914.24,2504636.97,0,0,67563.15,0,0,0,191699.26,0,5009273.94,0,0,0,,0,,0,0,0,1190746389,116135963.9,1044457712,0,0,119028597.1,0,,0,0,0,102480125.1,5356104.26,0,0,0,1044457712,118542044.4,16061919.29
15,500000054,KINA BANK LIMITED,193666,CORPORATE INCOME TAX,2018,1754235,28-06-2019,11-07-2019,01-07-2019,39,7,CIT COY1 PT,CORPORATE INCOME TAX RETURN FORM 1 for PT Resident Company,0,0,0,0,0,0,34495870.06,116037602.3,0,0,7354557.14,157888029.5,0,0,0,0,1336502.82,6102505.24,0,0,0,377970.49,183090.95,3448804.13,0,0,89408.82,0,349790.34,533320.08,22307667.08,0,0,71991.91,5339238.77,0,201621.93,208364.69,5366546.08,0,0,14346574.3,524708.49,0,398988.3,42363272.49,103550366.9,0,3448804.13,0,2244242.85,0,123473.61,33027.3,0,0,0,0,2783586.01,8633133.9,0,3850740.36,0,0,0,0,0,0,0,0,0,0,481661.61,4332401.97,0,0,,0,601012000,0,842330000,0,10804000,1454146000,34555000,0,34195000,155735000,11694000,212791000,1666937000,1329897000,2389000,7776000,0,50251000,1390313000,0,0,0,0,0,1390313000,0,0,0,,0,,0,0,0,0,0,,,,0,,0,0,0,0,0,0,0,0,0,0,0,0,0,0,,0,,,,0,0,58638394.52,0,58638394.52,17591518.36,0,17591518.36,0,17591518.36,0,0,0,17591518.36,10148754,7442764.36,17591518.36,0,0,0,0,0,0,0,0,0,0,0,0,0,0,0,0,0,0,0,0,0,0,0,0,0,0,0,0,0,0,0,0,0,0,"8000 FINANCE, INSURANCE, BUSINESS SERVICES AND REAL ESTATE ACTIVITIES",8110,BANKS AND SAVING AND LOAN SOCIETIES,,,,,,,,,,,,,,,,,,,,,,,,,,,,,,,,,,0,0,116037602.3,41850427.2,0,5366546.08,0,3448804.13,1336502.82,28410172.32,14871282.79,5789201.17,44327857.6,3448804.13,0,2244242.85,156500.91,0,0,0,2783586.01,0,6897608.26,0,0,0,481661.61,0,0,0,0,,1454146000,236179000,1390313000,0,0,222825899.2,0,,0,0,0,0,0,0,0,0,1390313000,157888029.5,41850427.2
16,500000063,PUMA ENERGY PNG LIMITED,38526,CORPORATE INCOME TAX,2015,326948,28-06-2016,06-07-2016,30-06-2016,39,4,CIT COY1 PT,CORPORATE INCOME TAX RETURN FORM 1 for PT Resident Company,1287905999,0,0,0,0,0,572112.24,21180.04,2614514.73,0,3509939.64,1294623746,1085853375,0,0,0,1299663.65,-142074.15,0,0,0,1607510.93,0,19554775.4,0,0,14859.68,11868033.15,0,3020090.66,5691.79,0,0,0,54944000,1666495.26,0,8412689.7,9238567.98,0,0,37425083.28,1921878.12,0,3056200.15,35754941.18,1275501782,0,19554775.4,0,0,0,14859.68,0,0,0,0,0,7176887.61,26746522.69,0,14744303,0,0,0,0,0,0,0,21403634.01,0,,,36147937.01,0,0,0,0,83927438.93,105773669.6,70552895.71,2267610.25,10100891.94,272622506.5,316848830.5,0,0,26297205.5,122474431.6,220671604.5,493294110.9,33647481.12,0,0,0,116696381.3,150343862.5,0,0,0,5027783.66,5027783.66,155371646.1,0,0,0,0,0,0,0,0,0,0,0,0,0,0,0,0,0,0,0,0,0,0,0,0,0,0,0,0,0,0,0,0,0,0,0,0,0,9720550.13,0,9720550.13,2916165.04,0,2916165.04,0,2916165.04,0,3886.95,0,2916165.04,5700000,-2787721.91,2912278.09,0,0,0,0,0,0,0,0,0,0,0,0,0,0,0,0,0,0,0,0,0,0,0,0,0,0,0,0,0,0,0,0,0,0,"6000 WHOLESALE AND RETAIL TRADE, SALE AND REPAIR OF MOTOR VEHICLES AND MOTORCYCLES",6160,RETAIL SALE OF AUTOMOTIVE FUEL,,,,,,,,,,,,,,,,,,,,,,,,,,,,,,,,,,1287905999,0,21180.04,6696566.61,1085853375,9238567.98,0,19554775.4,1299663.65,-136382.36,39346961.4,58218006.19,62126814.52,19554775.4,0,0,14859.68,0,0,0,7176887.61,0,39109550.8,0,0,0,,0,,0,0,0,272622506.5,465620467.6,150343862.5,5027783.66,0,36934203.55,0,,0,0,0,0,0,0,0,0,155371646.1,1294623746,6696566.61
17,500000063,PUMA ENERGY PNG LIMITED,38526,CORPORATE INCOME TAX,2016,698310,21-06-2017,02-08-2017,03-07-2017,39,5,CIT COY1 PT,CORPORATE INCOME TAX RETURN FORM 1 for PT Resident Company,1256991910,0,0,0,0,0,718885,9890,3774542,0,3305384,1264800611,1129519067,0,0,0,1256661,0,0,0,0,292186,0,22154863,0,0,83001,7245790,0,3557162,0,0,0,0,0,14276697,1682225,8857662,7063808,0,0,31243406,1762663,0,2000504,32686010,1263681705,0,22154863,0,0,0,83001,0,0,0,0,0,23748073.63,45985937.63,0,28766421.93,0,0,0,0,0,0,0,2556144.25,0,,,31322566.18,0,0,0,0,49528637,107569034,79838379,0,152827531,389763581,359594632.4,0,0,9150294,144233265,224511661.4,614275242.4,43622443,0,1536459,0,224256870,269415772,0,0,0,4480286,4480286,273896058,0,0,0,0,0,0,0,0,0,0,0,0,0,0,0,0,0,0,0,0,0,0,0,0,0,0,0,0,0,0,0,0,0,0,0,0,0,15782277.45,0,15782277.45,4734683.24,0,4734683.24,0,4734683.24,0,1483.5,0,4734683.24,3224928.42,1508271.32,4733199.74,0,0,0,0,0,0,0,0,0,0,0,0,0,0,0,0,0,9890,1483.5,0,7063808,0,14276697,0,0,0,0,0,0,0,0,0,0,0,"6000 WHOLESALE AND RETAIL TRADE, SALE AND REPAIR OF MOTOR VEHICLES AND MOTORCYCLES",6160,RETAIL SALE OF AUTOMOTIVE FUEL,,,,,,,,,,,,,,,,,,,,,,,,,,,,,,,,,,1256991910,0,9890,7798811,1129519067,7063808,0,22154863,1256661,0,33006069,14568883,56112354,22154863,0,0,83001,0,0,0,23748073.63,0,44309726,0,0,0,,0,,0,0,0,389763581,512978191.4,269415772,4480286,0,59971170.84,0,,0,0,0,11373.5,7063808,14276697,0,0,273896058,1264800611,7798811
18,500000063,PUMA ENERGY PNG LIMITED,38526,CORPORATE INCOME TAX,2017,1288310,21-06-2018,27-06-2018,02-07-2018,39,6,CIT COY1 PT,CORPORATE INCOME TAX RETURN FORM 1 for PT Resident Company,1549642291,0,0,0,0,0,0,1878.65,5942592.32,0,3039200.29,1558625962,1428620664,0,0,0,281144.8,0,0,0,0,0,0,28116675.99,0,0,49081.46,12441926.91,0,4718591.97,491.95,0,0,607750.69,0,13899164.23,2161838.81,11224430.57,8176353.62,0,0,33204174.25,0,0,2043981.76,30320109.98,1575866381,0,28116675.99,0,802697.18,0,49081.46,4399.28,0,0,0,0,10129788.93,39102642.84,0,26438544.19,0,0,0,0,0,0,0,20436061.24,0,,,46874605.43,0,0,0,0,37251911.48,209182880.5,103579090.8,0,9150655.42,359164538.1,414510956.6,0,0,13889477.9,167272744.4,261127690.1,620292228.2,15621386.8,0,6925713.06,0,264852618.8,287399718.7,0,0,0,4680483.56,4680483.56,292080202.2,0,0,0,0,0,0,0,0,0,0,0,0,0,0,0,0,0,0,0,0,0,0,0,0,0,0,0,0,0,0,0,0,0,0,0,0,0,-25012381.99,0,0,0,0,0,0,0,0,264.02,0,0,2216160,-2216424.02,0,0,0,0,0,0,0,0,0,0,0,0,0,0,0,0,0,0,1878.65,264.02,0,8176354,0,13899164.23,0,0,0,0,0,0,0,0,0,0,0,"6000 WHOLESALE AND RETAIL TRADE, SALE AND REPAIR OF MOTOR VEHICLES AND MOTORCYCLES",6160,RETAIL SALE OF AUTOMOTIVE FUEL,,,,,,,,,,,,,,,,,,,,,,,,,,,,,,,,,,1549642291,0,1878.65,8981792.61,1428620664,8176353.62,0,28116675.99,281144.8,491.95,33204174.25,14506914.92,62959961.46,28116675.99,0,802697.18,53480.74,0,0,0,10129788.93,0,56233351.98,0,0,0,,0,,0,0,0,359164538.1,595673178.8,287399718.7,4680483.56,0,-25012381.99,0,,0,0,0,2142.67,8176354,13899164.23,0,0,292080202.2,1558625962,8981792.61
19,500000063,PUMA ENERGY PNG LIMITED,38526,CORPORATE INCOME TAX,2018,1746983,28-06-2018,05-07-2019,01-07-2019,39,7,CIT COY1 PT,CORPORATE INCOME TAX RETURN FORM 1 for PT Resident Company,1996776587,0,0,0,0,0,0,1309378.93,9021984.08,0,3051009.34,2010158959,1822799273,0,0,0,696960.55,0,0,0,0,0,0,29888957.65,0,0,23476.55,12631131.5,0,3590404.63,0,0,0,592750.08,0,14827646.89,2494321.49,12857238.16,10215213.95,0,0,34142455.71,0,0,2329571.1,31302990.8,1978392392,0,29888957.65,0,0,0,23476.55,248706.32,0,0,0,0,4649784.7,34810925.22,0,31016513.07,0,0,0,0,0,0,6067616.65,0,0,0,29493362.56,60509875.63,0,0,,0,48702271.14,223121612.8,149214005.1,0,5159549.72,426197438.8,461536519.6,0,0,3627489.65,195693494.9,269470514.3,695667953,14867409.26,0,10275527.41,0,316200745.2,341343681.9,0,0,0,4720095,4720095,346063776.9,0,0,0,,0,,0,0,0,0,0,,,,0,,0,0,0,0,0,0,0,0,0,0,0,0,0,0,,0,,,,0,0,6067616.65,6067616.65,0,0,0,0,0,0,0,0,0,0,1595634,-1595634,0,0,0,0,0,0,0,0,0,0,0,0,0,0,0,0,0,0,0,0,0,0,0,0,0,0,0,0,0,0,0,0,0,0,0,"6000 WHOLESALE AND RETAIL TRADE, SALE AND REPAIR OF MOTOR VEHICLES AND MOTORCYCLES",6160,RETAIL SALE OF AUTOMOTIVE FUEL,,,,,,,,,,,,,,,,,,,,,,,,,,,,,,,,,,1996776587,0,1309378.93,12072993.42,1822799273,10215213.95,0,29888957.65,696960.55,0,34142455.71,15420396.97,65229134.23,29888957.65,0,0,272182.87,0,0,0,4649784.7,0,59777915.3,0,0,6067616.65,29493362.56,0,0,0,0,,426197438.8,660857504.2,341343681.9,4720095,0,12135233.3,0,,0,0,0,0,0,0,0,0,346063776.9,2010158959,12072993.42
20,500000081,NEW BRITAIN PALM OIL LIMITED,190653,CORPORATE INCOME TAX,2018,1750006,30-06-2019,08-07-2019,01-07-2019,39,7,CIT COY1 PT,CORPORATE INCOME TAX RETURN FORM 1 for PT Resident Company,326292565.7,0,0,0,0,0,0,39370.24,7030,0,8586251.49,334925217.5,160291964.9,0,0,52743919.96,0,0,0,0,0,2573135.15,0,28235303.1,0,560380,625799.72,5813141.12,17463.72,1157664.37,0,2487170.56,0,108853.88,0,15017662.5,5991308.1,2972220.86,2726777.45,0,0,36411353.77,0,0,2365688.03,39730648.92,359830456.1,52743919.96,28235303.1,0,7927.75,0,625799.72,146474.05,0,0,0,0,16846518.91,98605943.49,0,8756046.26,22038037.44,0,0,0,0,0,0,695048.69,0,0,34100706.11,65589838.5,0,0,,0,0,138122239.2,107346083.2,3835864.67,214283321.3,463587508.4,1212818676,0,1036106375,726118448.1,699642972,2275400527,2738988036,61505366.65,0,35998620.11,0,205386819.8,302890806.6,0,0,0,317013031.5,317013031.5,619903838,0,0,0,,0,,0,0,0,0,0,,,,0,,0,0,0,0,0,0,6255067.93,15782969.51,0,0,695048.69,0,0,0,,0,,,,0,22733086.13,8110866.32,0,8110866.32,2433259.9,0,2433259.9,0,2433259.9,0,290.14,0,2433259.9,48900000.02,-46467030.26,2432969.76,0,0,0,0,0,0,0,0,0,0,0,0,0,0,0,0,0,0,0,0,0,0,0,0,0,0,0,0,0,0,0,0,0,0,"1000 AGRICULTURE, FORESTRY AND FISHING",1114,GROWING OF OIL PALM,,,,,,,,,,,,,,,,,,,,,,,,,,,,,,,,,,326292565.7,0,39370.24,8593281.49,160291964.9,2726777.45,0,80979223.06,0,2487170.56,36411353.77,17699651.53,59234314.84,80979223.06,0,7927.75,772273.77,0,0,0,16846518.91,0,56470606.2,0,0,0,34795754.8,0,0,0,0,,463587508.4,3674686471,302890806.6,317013031.5,22733086.13,30821001.9,0,,0,0,0,0,0,0,0,0,619903838,334925217.5,8593281.49
21,500000090,DAEWOO ENGINEERING & CONSTRUCTION CO. LTD (CANCELLED I DE-REGISTRATION),53133,CORPORATE INCOME TAX,2015,445601,28-11-2016,28-11-2016,30-06-2016,39,4,CIT COY1 PT,CORPORATE INCOME TAX RETURN FORM 1 for PT Resident Company,0,0,0,0,0,0,0,0,0,0,0,0,0,0,0,0,0,0,0,0,0,0,0,0,0,0,0,0,0,0,0,0,0,0,0,0,0,0,0,0,0,0,0,0,0,0,0,0,0,0,0,0,0,0,0,0,0,0,0,0,0,0,0,0,0,0,0,0,0,0,0,,,0,0,0,0,0,0,0,0,0,0,0,0,0,0,0,0,0,0,0,0,0,0,0,0,0,0,0,0,0,0,0,0,0,0,0,0,0,0,0,0,0,0,0,0,0,0,0,0,0,0,0,0,0,0,0,0,0,0,0,0,0,0,0,0,0,0,0,0,0,0,0,0,0,0,0,0,0,0,0,0,0,0,0,0,0,0,0,0,0,0,0,0,0,0,0,0,0,0,0,0,0,0,0,0,0,0,0,0,0,0,0,0,0,0,0,0,"8000 FINANCE, INSURANCE, BUSINESS SERVICES AND REAL ESTATE ACTIVITIES",8440,"ARCHITECTURAL, ENGINEERING, AND OTHER TECHNICAL SERVICES",,,,,,,,,,,,,,,,,,,,,,,,,,,,,,,,,,0,0,0,0,0,0,0,0,0,0,0,0,0,0,0,0,0,0,0,0,0,0,0,0,0,0,,0,,0,0,0,0,0,0,0,0,0,0,,0,0,0,0,0,0,0,0,0,0,0
22,500000090,DAEWOO ENGINEERING & CONSTRUCTION CO. LTD (CANCELLED I DE-REGISTRATION),53133,CORPORATE INCOME TAX,2016,445616,28-11-2016,28-11-2016,03-07-2017,39,5,CIT COY1 PT,CORPORATE INCOME TAX RETURN FORM 1 for PT Resident Company,0,0,0,0,0,0,0,0,0,0,0,0,0,0,0,0,0,0,0,0,0,0,0,0,0,0,0,0,0,0,0,0,0,0,0,0,0,0,0,0,0,0,0,0,0,0,0,0,0,0,0,0,0,0,0,0,0,0,0,0,0,0,0,0,0,0,0,0,0,0,0,,,0,0,0,0,0,0,0,0,0,0,0,0,0,0,0,0,0,0,0,0,0,0,0,0,0,0,0,0,0,0,0,0,0,0,0,0,0,0,0,0,0,0,0,0,0,0,0,0,0,0,0,0,0,0,0,0,0,0,0,0,0,0,0,0,0,0,0,0,0,0,0,0,0,0,0,0,0,0,0,0,0,0,0,0,0,0,0,0,0,0,0,0,0,0,0,0,0,0,0,0,0,0,0,0,0,0,0,0,0,0,0,0,0,0,0,0,"8000 FINANCE, INSURANCE, BUSINESS SERVICES AND REAL ESTATE ACTIVITIES",8440,"ARCHITECTURAL, ENGINEERING, AND OTHER TECHNICAL SERVICES",,,,,,,,,,,,,,,,,,,,,,,,,,,,,,,,,,0,0,0,0,0,0,0,0,0,0,0,0,0,0,0,0,0,0,0,0,0,0,0,0,0,0,,0,,0,0,0,0,0,0,0,0,0,0,,0,0,0,0,0,0,0,0,0,0,0
23,500000107,FLETCHER MOROBE CONSTRUCTION LTD,52368,CORPORATE INCOME TAX,2015,253305,01-12-2015,07-03-2016,29-12-2015,39,4,CIT COY1 PT,CORPORATE INCOME TAX RETURN FORM 1 for PT Resident Company,258154000,0,0,0,0,0,0,245000,0,0,0,258399000,179088184.2,0,0,0,30574.73,0,0,0,0,0,0,2716290.35,0,0,0,-535989,0,0,0,0,0,58660,0,0,333282,41067,6115441.06,0,0,26599501.21,0,0,158096.39,567892.03,215173000,0,2716290.35,0,1653012.49,0,0,7453.64,0,0,0,0,7139.44,4383895.92,1153989,2506581.53,1085001.27,0,0,0,0,241830.62,0,9090.91,0,,,4996493.33,0,0,0,0,142666871,3967794,17988944,-916618,568754,164275745,28800335,0,0,1860925,18661160,12000100,176275845,33832738,0,13140950,78238655,7638369,132850712,0,0,0,1341713,1341713,134192425,0,0,0,0,0,0,0,0,0,0,0,0,0,0,0,241830.62,0,0,1085001.27,0,0,0,0,0,0,0,0,0,0,0,0,0,0,0,0,0,1326831.89,42613402.59,0,42613402.59,12784020.78,0,12784020.78,0,12784020.78,0,10948.16,0,12784020.78,4827342,7945730.62,12773072.62,0,0,0,0,0,0,0,0,0,0,0,0,0,0,0,0,0,0,0,0,0,0,0,0,0,0,0,0,0,0,0,0,0,0,5000 CONSTRUCTION,5110,CONSTRUCTION OF BUILDINGS,,,,,,,,,,,,,,,,,,,,,,,,,,,,,,,,,,258154000,0,245000,0,179088184.2,6115441.06,0,2716290.35,30574.73,0,26599501.21,58660,564348.42,2716290.35,0,1653012.49,7453.64,0,0,0,7139.44,1153989,5432580.7,0,241830.62,0,,0,,0,0,0,164275745,49322420,132850712,1341713,1326831.89,161919981.7,0,,0,0,0,0,0,0,0,0,134192425,258399000,0
24,500000107,FLETCHER MOROBE CONSTRUCTION LTD,52368,CORPORATE INCOME TAX,2016,1478708,25-11-2016,12-11-2018,29-12-2017,39,5,CIT COY1 PT,CORPORATE INCOME TAX RETURN FORM 1 for PT Resident Company,0,100416000,0,0,0,0,0,103000.27,0,0,0,100519000.3,45097774.46,0,0,0,10684.28,0,0,0,0,0,0,2709214.81,0,0,0,779705.79,0,0,0,0,0,161887.49,0,0,325635.46,133033.84,4929535.64,0,0,21167286.21,0,0,46610.89,639631.4,76001000.27,0,2709214.81,0,240854.79,0,0,7553.64,0,0,0,0,1378577.88,4336201.12,52553.65,2121600.47,506928.42,0,0,0,0,314881.53,0,0,0,,,2995964.07,0,0,0,0,98613121,4014722,20655470,0,385798,123669111,31019087,0,0,1774285,21144558,11648814,135317925,22556979,0,3390113,52210494,6435945,84593531,0,0,0,1478374,1478374,86071905,0,0,0,0,0,0,0,0,0,0,0,0,0,0,0,314881.53,0,0,506928.42,0,0,0,0,0,0,0,0,0,0,0,0,0,0,0,0,0,821809.95,25858237.05,0,25858237.05,7757471.12,0,7757471.12,0,7757471.12,0,15446.87,0,7757471.12,7489522.06,252502.19,7742024.25,0,0,0,0,0,0,0,10000000,1500000,1500000,8500000,0,0,0,0,0,8500000,103000.27,15446.87,0,4929535.64,0,0,0,0,0,0,0,0,0,0,0,0,0,5000 CONSTRUCTION,5110,CONSTRUCTION OF BUILDINGS,,,,,,,,,,,,,,,,,,,,,,,,,,,,,,,,,,100416000,0,103000.27,0,45097774.46,4929535.64,0,2709214.81,10684.28,0,21167286.21,161887.49,1924617.38,2709214.81,0,240854.79,7553.64,0,0,0,1378577.88,52553.65,5418429.62,0,314881.53,0,,0,,0,0,0,123669111,53937930,84593531,1478374,821809.95,98245853.95,0,,0,0,30000000,118447.14,4929535.64,0,0,0,86071905,100519000.3,0
25,500000107,FLETCHER MOROBE CONSTRUCTION LTD,52368,CORPORATE INCOME TAX,2017,1223442,18-12-2017,16-05-2018,31-12-2018,39,6,CIT COY1 PT,CORPORATE INCOME TAX RETURN FORM 1 for PT Resident Company,117586000,0,0,0,0,0,0,1255000,0,0,0,118841000,45168553.58,0,0,0,12767.63,0,0,0,0,0,0,2946525.37,0,0,0,-639000,0,0,0,0,0,25421,0,0,314536.18,69963.31,4611616.61,0,0,23304370.31,0,0,69842.75,721903.26,76606500,0,2946525.37,0,877678.31,0,0,7889.91,0,0,0,0,0,3832093.59,26409,2020870.11,111205.84,0,0,0,0,363901.63,0,1434357.59,0,,,3956744.17,0,0,0,0,82112549,5331665,20408217,0,345012,108197443,30313331,0,0,2338796,22701279,9950848,118148291,12796535,0,10336710,42245016,6912124,72290385,0,0,0,1842415,1842415,74132800,0,0,0,0,0,0,0,0,0,0,0,0,0,0,0,363901.63,0,0,111205.84,0,0,0,0,0,0,0,0,0,0,0,0,0,0,0,0,0,475107.47,42109849.42,0,42109849.42,12632954.83,0,12632954.83,0,12632954.83,0,188239.74,0,12632954.83,10800000,1644715.09,12444715.09,0,0,0,0,0,0,0,34794677.99,5219201.7,5219201.7,29575476.29,0,0,0,0,0,29575476.29,1255000,188239.74,0,4633066.61,0,0,0,0,0,0,0,0,0,0,0,0,0,5000 CONSTRUCTION,5110,CONSTRUCTION OF BUILDINGS,,,,,,,,,,,,,,,,,,,,,,,,,,,,,,,,,,117586000,0,1255000,0,45168553.58,4611616.61,0,2946525.37,12767.63,0,23304370.31,25421,537245.5,2946525.37,0,877678.31,7889.91,0,0,0,0,26409,5893050.74,0,363901.63,0,,0,,0,0,0,108197443,55353406,72290385,1842415,475107.47,159829188.1,0,,0,0,104384034,1443239.74,4633066.61,0,0,0,74132800,118841000,0
26,500000107,FLETCHER MOROBE CONSTRUCTION LTD,52368,CORPORATE INCOME TAX,2018,1969859,17-12-2019,06-01-2020,30-12-2019,39,7,CIT COY1 PT,CORPORATE INCOME TAX RETURN FORM 1 for PT Resident Company,0,69030500,0,0,0,0,21390.61,0,0,0,0,69051890.61,35322105.15,0,0,0,18782.76,1776000,0,0,0,0,0,2162376.55,0,0,0,81262,0,10243,0,0,0,122307.4,0,0,316988,41025.55,3339690.38,0,0,21473239.29,0,0,9346,1890375.53,66563741.61,0,2162376.55,0,1953568.79,0,4186.36,2090,0,0,0,0,180750.87,4302972.57,0,1218611.78,273803.4,0,0,0,0,0,0,0,0,,803775,2296190.18,0,0,,0,15762837,5995003,1738364,0,0,23496204,30682209,0,0,992385,26414265,5260329,28756533,4094383,0,6103768,5266527,9073362,24538040,0,0,0,939972,939972,25478012,0,0,0,,0,,0,0,0,0,0,,,,0,,0,0,273803.4,0,0,0,0,0,0,0,0,0,0,0,,0,,,,0,273803.4,4494931.39,0,4494931.39,1348479.42,0,1348479.42,0,1348479.42,0,3208.59,0,1348479.42,7500000,-6154729.17,1345270.83,0,0,0,0,0,0,0,19890468,2983570.2,2983570.2,16906897.8,0,0,0,0,0,16906897.8,21390.61,3208.59,0,3339690.38,0,0,0,0,0,0,0,0,0,0,0,0,0,5000 CONSTRUCTION,5110,CONSTRUCTION OF BUILDINGS,,,,,,,,,,,,,,,,,,,,,,,,,,,,,,,,,,69030500,0,0,21390.61,35322105.15,3339690.38,0,2162376.55,18782.76,1776000,21473239.29,122307.4,2349240.08,2162376.55,0,1953568.79,6276.36,0,0,0,180750.87,0,4324753.1,0,0,0,803775,0,,0,0,,23496204,58088859,24538040,939972,273803.4,17077530.71,0,,0,0,59671404,24599.2,3339690.38,0,0,0,25478012,69051890.61,21390.61
27,500000116,BISHOP BROTHERS ENGINEERING LTD,34301,CORPORATE INCOME TAX,2015,343472,29-04-2016,29-07-2016,30-06-2016,39,4,CIT COY1 PT,CORPORATE INCOME TAX RETURN FORM 1 for PT Resident Company,101733378.7,0,0,0,0,0,0,0,868375,0,220293.21,102822046.9,53853517.28,0,0,0,907508.96,0,0,0,0,0,1458840.33,3014176.51,0,0,56216.18,297387.78,20,464377.61,4823945.82,0,0,0,0,0,352665.53,475681.29,971159.74,0,0,8791241.55,704502.36,0,922061.87,6955102.19,84048405,0,3014177,0,-435557.88,0,56216.18,47935.6,0,0,0,0,696116.1,3378887,0,2674957.19,0,0,0,0,0,0,0,310352.81,0,,,2985310,0,0,0,0,7494532.91,42957751.26,8981644.6,0,5834443.55,65268372.32,107375051.2,0,1887922.28,4232232.53,0,113495206,178763578.3,7159148.01,5201822.59,2392897.36,0,75771452.51,90525320.47,0,0,0,0,0,90525320.47,0,0,0,0,0,0,0,0,0,0,0,0,0,0,0,0,0,0,0,0,0,0,0,0,0,0,0,0,0,0,0,0,0,0,0,0,0,19167218.86,0,19167218.86,5750165.66,0,5750165.66,0,5750165.66,0,0,0,5750165.66,5170714,579451.66,5750165.66,0,0,0,0,0,0,0,0,0,0,0,0,0,0,0,0,0,0,0,0,989344.79,0,0,0,0,0,0,0,0,0,0,0,0,0,"6000 WHOLESALE AND RETAIL TRADE, SALE AND REPAIR OF MOTOR VEHICLES AND MOTORCYCLES",6110,"RETAIL SALE IN NON-SPECIALISED STORES (E.G., SUPERMARKETS AND DEPARTMENT STORES)",,,,,,,,,,,,,,,,,,,,,,,,,,,,,,,,,,101733378.7,0,0,1088668.21,53853517.28,971159.74,0,3014176.51,907508.96,4823945.82,9495743.91,0,10982352.78,3014177,0,-435557.88,104151.78,0,0,0,696116.1,0,6028353.51,0,0,0,,0,,0,0,0,65268372.32,113495206,90525320.47,0,0,72835431.68,0,,0,0,0,0,989344.79,0,0,0,90525320.47,102822046.9,1088668.21
28,500000116,BISHOP BROTHERS ENGINEERING LTD,34301,CORPORATE INCOME TAX,2016,575974,10-04-2017,18-04-2017,03-07-2017,39,5,CIT COY1 PT,CORPORATE INCOME TAX RETURN FORM 1 for PT Resident Company,98620007.85,0,0,0,0,2641365,0,0,1077375.93,0,638531.41,102977280.2,0,0,0,0,520747.31,0,0,0,0,0,1423761.38,2851504.11,0,0,34282.5,613665.51,1250,449161.79,3483958.56,0,0,0,0,0,317035.16,377200.8,862883.25,0,0,9310399.35,752032.15,0,834662.94,60020974.19,81853519,0,2851504.11,0,0,0,34282.5,52474.44,0,0,0,0,669245.65,3607506.7,0,2603396.44,0,0,0,0,0,0,0,1487236.33,0,,,4090632.77,792409.5,0,0,792409.5,14830356.66,35111534.4,9887633.66,0,7950378.42,67779903.14,112141193.4,0,1887922.28,3572498.53,22154070.21,95447543.97,163227447.1,10986176.59,5444307.55,0,0,54827555.36,71258039.5,0,0,0,0,0,71258039.5,0,0,0,0,0,0,0,0,0,0,0,0,0,0,0,0,0,0,0,0,0,0,0,0,0,0,0,0,0,0,0,0,0,0,0,0,0,20640635.12,0,20640635.12,6192190.54,792409.5,5399781.04,0,5399781.04,0,0,0,5399781.04,6221803,-822021.96,5399781.04,0,0,0,0,0,0,0,0,0,0,0,0,0,0,0,0,0,0,0,0,0,0,0,0,0,0,0,0,0,0,0,0,0,0,"6000 WHOLESALE AND RETAIL TRADE, SALE AND REPAIR OF MOTOR VEHICLES AND MOTORCYCLES",6110,"RETAIL SALE IN NON-SPECIALISED STORES (E.G., SUPERMARKETS AND DEPARTMENT STORES)",,,,,,,,,,,,,,,,,,,,,,,,,,,,,,,,,,98620007.85,0,2641365,1715907.34,0,862883.25,0,2851504.11,520747.31,3483958.56,10062431.5,0,64071994.27,2851504.11,0,0,86756.94,0,0,0,669245.65,0,5703008.22,0,0,0,,0,,792409.5,0,0,67779903.14,139755684.4,71258039.5,0,0,75264775.48,0,,0,0,0,0,0,0,0,0,71258039.5,102977280.2,1715907.34
29,500000116,BISHOP BROTHERS ENGINEERING LTD,34301,CORPORATE INCOME TAX,2017,1182516,13-04-2018,19-04-2018,02-07-2018,39,6,CIT COY1 PT,CORPORATE INCOME TAX RETURN FORM 1 for PT Resident Company,117552147.1,0,0,0,0,1932560,95935.91,0,1980750,0,1319319.67,122880712.7,64063666.73,0,0,0,624553.14,0,0,0,0,0,1566424.23,2668240.92,0,0,55727.12,0,0,460633.28,2519315.92,0,0,0,0,0,272804.45,708998.68,655932.87,0,0,9231362.06,714114.88,0,873194.66,18019155.57,102434124.5,0,2668240.92,0,0,0,55727.12,35342.11,0,0,0,0,9730942.32,12490252.47,0,2460959.44,0,0,0,0,0,0,0,310592.48,0,,,2771551.92,579768,0,0,579768,23572916.92,38857838.08,8190458.79,0,950313.41,71571527.2,116419028.8,0,1887922.28,20479501.9,24647547.39,114138905.6,185710432.8,11251814.9,0,2290322.64,0,39612187.46,53154325,0,0,0,4873687.58,4873687.58,58028012.58,0,0,0,0,0,0,0,0,0,0,0,0,0,0,0,0,0,0,0,0,0,0,0,0,0,0,0,0,0,0,0,0,0,0,0,0,0,30165288.69,0,30165288.69,9049586.61,579768,8469818.61,0,8469818.61,0,0,0,8469818.61,4510724,3959094.61,8469818.61,0,0,0,0,0,0,0,0,0,0,0,0,0,0,0,0,0,0,0,0,0,0,0,0,0,0,0,0,0,0,0,0,0,0,"6000 WHOLESALE AND RETAIL TRADE, SALE AND REPAIR OF MOTOR VEHICLES AND MOTORCYCLES",6110,"RETAIL SALE IN NON-SPECIALISED STORES (E.G., SUPERMARKETS AND DEPARTMENT STORES)",,,,,,,,,,,,,,,,,,,,,,,,,,,,,,,,,,117552147.1,0,1932560,3396005.58,64063666.73,655932.87,0,2668240.92,624553.14,2519315.92,9945476.94,0,21956937.99,2668240.92,0,0,91069.23,0,0,0,9730942.32,0,5336481.84,0,0,0,,0,,579768,0,0,71571527.2,163434000.3,53154325,4873687.58,0,112309025,0,,0,0,0,0,0,0,0,0,58028012.58,122880712.7,3396005.58
30,500000116,BISHOP BROTHERS ENGINEERING LTD,34301,CORPORATE INCOME TAX,2018,1629325,01-03-2019,26-03-2019,01-07-2019,39,7,CIT COY1 PT,CORPORATE INCOME TAX RETURN FORM 1 for PT Resident Company,125911015.1,0,0,0,0,0,0,0,1656238.9,0,1451218.91,129018472.9,68168583.08,0,0,0,640462.39,0,0,0,0,0,1266569.21,2486111.72,0,0,13677.47,266635.55,0,475487.85,860872.88,0,0,0,0,0,354155.94,469403.94,613088.47,0,0,9120121.77,684047.05,0,840925.84,6820055.06,93080198.22,0,2486111.72,0,0,0,13677.47,29177.06,0,0,0,0,485315.25,3014281.5,0,2954200.38,0,0,0,0,0,0,0,0,0,0,951504.74,3905705.12,0,0,,0,19929969.62,36777687.04,10803478.75,0,331757.54,67842892.95,116616422.9,0,1887922.28,19847009.36,26595665.56,111755689,179598581.9,9378860.87,0,1729282.3,0,12516948.64,23625091.81,0,0,0,4960894.76,4960894.76,28585986.57,0,0,0,,0,,0,0,0,0,0,,,,0,,0,0,0,0,0,0,0,0,0,0,0,0,0,0,,0,,,,0,0,35046851.06,0,35046851.06,10514055.32,0,10514055.32,0,10514055.32,0,0,0,10514055.32,9144732.62,1369322.7,10514055.32,0,0,0,0,0,0,0,0,0,0,0,0,0,0,0,0,0,0,0,0,613088.47,0,0,0,0,0,0,0,0,0,0,0,0,0,"6000 WHOLESALE AND RETAIL TRADE, SALE AND REPAIR OF MOTOR VEHICLES AND MOTORCYCLES",6110,"RETAIL SALE IN NON-SPECIALISED STORES (E.G., SUPERMARKETS AND DEPARTMENT STORES)",,,,,,,,,,,,,,,,,,,,,,,,,,,,,,,,,,125911015.1,0,0,3107457.81,68168583.08,613088.47,0,2486111.72,640462.39,860872.88,9804168.82,0,10506910.86,2486111.72,0,0,42854.53,0,0,0,485315.25,0,4972223.44,0,0,0,951504.74,0,0,0,0,,67842892.95,164947020.1,23625091.81,4960894.76,0,133178034,0,,0,0,0,0,613088.47,0,0,0,28585986.57,129018472.9,3107457.81
31,500000134,ORICA SINGAPORE PTE LIMITED,52917,CORPORATE INCOME TAX,2015,639860,09-03-2016,19-06-2017,30-06-2016,39,4,CIT COY1 PT,CORPORATE INCOME TAX RETURN FORM 1 for PT Resident Company,54528236.57,0,0,0,0,0,0,0,0,0,13814.69,54542051.26,25092379.14,0,0,0,22929.98,0,0,0,0,156642.16,20906.84,1216731.66,0,0,5200.59,614611.39,0,340963.83,0,0,0,104616,0,0,386409.79,377436.36,195237.6,0,872679.79,6745848.22,0,0,682298.33,4447745.28,41282636.96,0,1216731.66,0,19386.88,0,5200.59,0,0,0,0,0,43654.21,1284973.34,0,1048142.83,0,0,0,0,0,0,0,52327.32,0,,,1100470.15,0,0,0,0,4856824.21,4716076.8,6059529.51,651011.33,84595.6,16368037.45,6879139.3,0,0,1202024.55,4049804.57,4031359.28,20399396.73,3285000.23,0,2430150.07,0,0,5715150.3,0,0,0,0,0,5715150.3,0,0,0,0,0,0,0,0,0,0,0,0,0,0,0,0,0,0,0,0,0,0,0,0,0,0,0,0,0,0,0,0,0,0,0,0,0,13443917.49,0,13443917.49,4033175.25,0,4033175.25,0,4033175.25,0,0,0,4033175.25,6554716,-2521540.75,4033175.25,0,0,0,0,0,0,0,0,0,0,0,0,0,0,0,0,0,0,0,0,195237.6,0,0,0,0,0,0,0,0,0,0,0,0,0,3000 MANUFACTURING,3600,MANUFACTURE OF CHEMICALS,,,,,,,,,,,,,,,,,,,,,,,,,,,,,,,,,,54528236.57,0,0,13814.69,25092379.14,195237.6,0,1216731.66,22929.98,0,6745848.22,261258.16,7748252.2,1216731.66,0,19386.88,5200.59,0,0,0,43654.21,0,2433463.32,0,0,0,,0,,0,0,0,16368037.45,12130968.42,5715150.3,0,0,51086886.48,0,,0,0,0,0,195237.6,0,0,0,5715150.3,54542051.26,13814.69
32,500000134,ORICA SINGAPORE PTE LIMITED,52917,CORPORATE INCOME TAX,2016,639925,30-03-2017,19-06-2017,03-07-2017,39,5,CIT COY1 PT,CORPORATE INCOME TAX RETURN FORM 1 for PT Resident Company,59108492.21,0,0,0,0,0,0,0,0,0,57317.14,59165809.35,28690367.73,0,0,0,54470.93,0,0,0,0,379318.4,70655.77,1225115.03,0,0,16992.04,1034633.24,0,386540.36,0,0,0,11096.13,0,1913552.27,473778.01,336527.91,168901.72,0,717380.02,8290284.92,0,0,1081118.01,1598707.32,46449439.81,0,1225115.03,0,0,0,16992,0,0,0,0,0,18201,1260308.03,0,997965.89,0,0,0,0,0,0,0,132942.4,0,,,1130908.29,0,0,0,0,11873241.94,7729059.38,13930442.93,608013.95,109098.66,34249856.86,7533819.42,0,0,1545867.14,4732903.46,4346783.1,38596639.96,7399669.96,0,2569244.19,0,0,9968914.15,0,0,0,0,0,9968914.15,0,0,0,0,0,0,0,0,0,0,0,0,0,0,0,0,0,0,0,0,0,0,0,0,0,0,0,0,0,0,0,0,0,0,0,0,0,12845769.28,0,12845769.28,3853730.78,0,3853730.78,0,3853730.78,0,0,0,3853730.78,4719394.76,-865663.98,3853730.78,0,0,0,0,0,0,0,0,0,0,0,0,0,0,0,0,0,0,0,0,168902,717380.02,1913552.27,0,0,0,0,0,0,0,0,0,0,0,3000 MANUFACTURING,3600,MANUFACTURE OF CHEMICALS,,,,,,,,,,,,,,,,,,,,,,,,,,,,,,,,,,59108492.21,0,0,57317.14,28690367.73,168901.72,0,1225115.03,54470.93,0,8290284.92,2303966.8,5716332.68,1225115.03,0,0,16992,0,0,0,18201,0,2450230.06,0,0,0,,0,,0,0,0,34249856.86,13812590.02,9968914.15,0,0,48813923.24,0,,0,0,0,0,886282.02,1913552.27,0,0,9968914.15,59165809.35,57317.14
33,500000134,ORICA SINGAPORE PTE LIMITED,52917,CORPORATE INCOME TAX,2017,1151478,27-03-2018,28-03-2018,02-07-2018,39,6,CIT COY1 PT,CORPORATE INCOME TAX RETURN FORM 1 for PT Resident Company,56861531.03,0,0,0,0,0,0,0,0,0,750,56862281.03,23539469.25,0,0,0,11886,0,0,0,0,346412.23,32342.93,952391.95,0,0,4378.99,1229030.11,0,645406.61,0,0,0,0,0,2019238.54,642608.92,624278.33,144024.27,0,1129563.44,10000686.95,0,0,994139.21,2265213.36,44581071.09,0,952391.95,0,366238.33,0,3441.31,0,0,0,0,0,85135.71,1407207.3,0,1080805.93,0,0,0,0,0,0,0,303597.59,0,,,1384403.52,0,0,0,0,28303990.92,9247867.17,5535749.31,673877.47,155145.61,43916630.48,7888272.29,0,0,2198377.91,5685295.41,4401354.79,48317985.27,8942819.25,0,-2867799.34,0,979808.95,7054828.86,0,0,0,906024.95,906024.95,7960853.81,0,0,0,0,0,0,0,0,0,0,0,0,0,0,0,0,0,0,0,0,0,0,0,0,0,0,0,0,0,0,0,0,0,0,0,0,0,12304013.72,0,12304013.72,3691204.12,0,3691204.12,0,3691204.12,0,0,0,3691204.12,4162029,-470824.88,3691204.12,0,0,0,0,0,0,0,0,0,0,0,0,0,0,0,0,0,0,0,0,0,1129563.44,2019238.54,0,0,0,0,0,0,0,0,0,0,0,3000 MANUFACTURING,3600,MANUFACTURE OF CHEMICALS,,,,,,,,,,,,,,,,,,,,,,,,,,,,,,,,,,56861531.03,0,0,750,23539469.25,144024.27,0,952391.95,11886,0,10000686.95,2365650.77,7566961.9,952391.95,0,366238.33,3441.31,0,0,0,85135.71,0,1904783.9,0,0,0,,0,,0,0,0,43916630.48,15771945.61,7054828.86,906024.95,0,46755252.16,0,,0,0,0,0,1129563.44,2019238.54,0,0,7960853.81,56862281.03,750
34,500000134,ORICA SINGAPORE PTE LIMITED,52917,CORPORATE INCOME TAX,2018,1637182,29-03-2019,02-04-2019,01-07-2019,39,7,CIT COY1 PT,CORPORATE INCOME TAX RETURN FORM 1 for PT Resident Company,58920958.84,0,0,0,0,0,0,0,0,0,58968.32,58979927.16,21242276.23,0,0,0,17971,0,0,0,0,383395.68,47922.46,1002670.19,0,0,8101.43,812811.79,0,690078.74,0,0,0,0,0,2897914.85,525012.79,935390.93,103680,0,1317513.33,11838957.36,0,0,497439.27,2859923.26,45181059.31,0,1002670.19,0,279195.31,0,4370.46,0,0,0,0,0,360740.87,1646976.83,0,1057721.42,0,0,0,0,0,0,0,0,0,0,99363.82,1157085.24,0,0,,0,32049063.46,8216437.79,13365389.33,35930.95,63024.39,53729845.92,9486415.63,0,0,1401188.29,5894062.52,4993541.4,58723387.32,7533093.04,0,0,0,108632.31,7641725.35,0,0,0,1073154.83,1073154.83,8714880.18,0,0,0,,0,,0,0,0,0,0,,,,0,,0,0,0,0,0,0,0,0,0,0,0,0,0,0,,0,,,,0,0,14288759.44,0,14288759.44,4286627.83,0,4286627.83,0,4286627.83,0,0,0,4286627.83,3986499,300128.83,4286627.83,0,0,0,0,0,0,0,0,0,0,0,0,0,0,0,0,0,0,0,0,103680,1317513.33,2897914.85,0,0,0,0,0,0,0,0,0,0,0,3000 MANUFACTURING,3600,MANUFACTURE OF CHEMICALS,,,,,,,,,,,,,,,,,,,,,,,,,,,,,,,,,,58920958.84,0,0,58968.32,21242276.23,103680,0,1002670.19,17971,0,11838957.36,3281310.53,7694194,1002670.19,0,279195.31,4370.46,0,0,0,360740.87,0,2005340.38,0,0,0,99363.82,0,0,0,0,,53729845.92,16781666.44,7641725.35,1073154.83,0,54297285.86,0,,0,0,0,0,1421193.33,2897914.85,0,0,8714880.18,58979927.16,58968.32
35,500000143,ASSOCIATED MILLS LTD,35710,CORPORATE INCOME TAX,2015,292350,02-05-2016,11-05-2016,30-06-2016,39,4,CIT COY1 PT,CORPORATE INCOME TAX RETURN FORM 1 for PT Resident Company,290704201.9,0,0,0,0,0,79623.86,56308.45,0,0,0,290840134.2,136278925.4,0,0,0,1663192.41,0,0,0,0,167703.75,483650.71,2620142.36,0,21000,0,0,0,1555107.54,0,0,0,6174.2,14514926.43,7436100.26,1150272.71,4198179.49,1354695.84,0,0,11169629.96,455747.62,0,271795,28349046.13,211696289.8,0,2620142.36,0,1625593.71,0,0,5313.37,0,0,0,0,2436529.56,6687579,0,1024163.75,0,0,0,0,0,0,0,666534.56,0,,,1690698.31,0,0,0,0,95652770,26065942,64371966,0,8486802,194577480,64471375.86,0,0,0,36536752.92,27934622.94,222512102.9,45841103,0,0,0,400050,46241153,0,0,0,3908008,3908008,50149161,0,0,0,0,0,0,0,0,0,0,0,0,0,0,0,0,0,0,0,0,0,0,0,0,0,0,0,0,0,0,0,0,0,0,0,0,0,84140725.09,0,84140725.09,25242217.53,0,25242217.53,0,25242217.53,0,4154.63,0,25242217.53,29641800,-4403737.1,25238062.9,21000,0,0,0,0,0,0,0,0,0,0,0,0,0,0,0,0,56308.45,4154.63,0,1354696,0,0,0,0,0,0,0,0,0,0,0,0,0,3000 MANUFACTURING,3114,MANUFACTURE OF GRAIN MILL PRODUCTS,,,,,,,,,,,,,,,,,,,,,,,,,,,,,,,,,,290704201.9,0,56308.45,79623.86,136278925.4,1354695.84,0,2620142.36,1663192.41,0,11625377.58,22124904.64,36029051.58,2620142.36,0,1625593.71,5313.37,0,0,0,2436529.56,0,5240284.72,0,0,0,,0,,0,0,0,194577480,101008128.8,46241153,3908008,0,319730600.7,0,,21000,0,0,60463.08,1354696,0,0,0,50149161,290840134.2,79623.86
36,500000143,ASSOCIATED MILLS LTD,35710,CORPORATE INCOME TAX,2016,912895,01-05-2017,24-11-2017,03-07-2017,39,5,CIT COY1 PT,CORPORATE INCOME TAX RETURN FORM 1 for PT Resident Company,262126382.2,0,0,0,0,0,0,87231.83,0,0,0,262213614.1,132861503.8,0,0,0,2264391.26,0,0,0,0,158365.22,564316.94,2685595.74,0,18000,32686.16,2870676.55,0,2206337,0,1436151.06,0,2894,18632185,6929734.49,1548598.36,5636554.74,1668980.54,0,0,12307985.82,524857.8,0,582245.14,29451257.03,222383316.6,0,2685595.74,0,740302.05,0,0,6358.89,0,0,0,0,4003052.32,7435309,0,1234896.52,0,0,0,0,0,0,0,3295283.26,0,,,4530179.78,0,0,0,0,41451161,50056429,169393740,2386966,12929561,276217857,68812805,0,0,268502,39214423,29866884,306084741,101601904,0,0,0,529157,102131061,0,0,0,1608082,1608082,103739143,0,0,0,0,0,0,0,0,0,0,0,0,0,0,0,0,0,0,0,0,0,0,0,0,0,0,0,0,0,0,0,0,0,0,0,0,0,42735426.65,0,42735426.65,12820628,0,12820628,0,12820628,0,13084.77,0,12820628,27257106,-14449562.78,12807543.23,18000,0,0,0,0,0,0,0,0,0,0,0,0,0,0,0,0,87231.83,13084.7,0,1668981,0,0,0,0,0,0,0,0,0,0,0,0,0,3000 MANUFACTURING,3114,MANUFACTURE OF GRAIN MILL PRODUCTS,,,,,,,,,,,,,,,,,,,,,,,,,,,,,,,,,,262126382.2,0,87231.83,0,132861503.8,1668980.54,0,2685595.74,2264391.26,1436151.06,12832843.62,25723178.71,42910671.92,2685595.74,0,740302.05,6358.89,0,0,0,4003052.32,0,5371191.48,0,0,0,,0,,0,0,0,276217857,108295730,102131061,1608082,0,162381536.5,0,,18000,0,0,100316.53,1668981,0,0,0,103739143,262213614.1,0
37,500000143,ASSOCIATED MILLS LTD,35710,CORPORATE INCOME TAX,2017,1386054,31-08-2018,03-09-2018,02-07-2018,39,6,CIT COY1 PT,CORPORATE INCOME TAX RETURN FORM 1 for PT Resident Company,276116784,0,0,0,0,0,0,70482,0,0,103438076,379625342,162086366,0,0,0,1757827,0,0,0,0,948374,413605,3730533,0,22500,8535,0,0,1941199,0,1278610.92,0,2543,18597203,8883299.08,1029625,5824787,3813161.53,0,6582863,14495840,443046,0,732311,26537699.47,259129928,0,3730533,0,4754233.19,0,8535,28480.46,0,0,0,0,1584926,10106707.65,5459368.31,2041925.32,0,0,0,0,0,0,0,99060640.57,0,,,106561934.2,0,0,0,0,130643770,44860818,54548575,0,24622561,254675724,132687006,0,0,777002,47270533,86193475,340869199,121832662,0,0,0,1364995,123197657,0,0,0,2223394,2223394,125421051,0,0,0,0,0,0,0,0,0,0,0,0,0,0,0,0,0,0,0,0,0,0,0,0,0,0,0,0,0,0,0,0,0,0,0,0,0,24040187.45,0,24040187.45,7212056.24,0,7212056.24,0,7212056.24,0,10572.3,0,7212056.24,15600000,-8398516.07,7201483.94,0,0,0,0,0,0,0,0,0,0,0,0,0,0,0,0,0,0,0,0,0,0,0,0,0,0,0,0,0,0,0,0,0,0,3000 MANUFACTURING,3114,MANUFACTURE OF GRAIN MILL PRODUCTS,,,,,,,,,,,,,,,,,,,,,,,,,,,,,,,,,,276116784,0,70482,103438076,162086366,3813161.53,0,3730533,1757827,1278610.92,14938886,28431419.08,43093124.47,3730533,0,4754233.19,37015.46,0,0,0,1584926,5459368.31,7461066,0,0,0,,0,,0,0,0,254675724,180734541,123197657,2223394,0,91342140.03,0,,0,0,0,0,0,0,0,0,125421051,379625342,103438076
38,500000143,ASSOCIATED MILLS LTD,35710,CORPORATE INCOME TAX,2018,1848080,03-09-2019,26-09-2019,01-07-2019,39,7,CIT COY1 PT,CORPORATE INCOME TAX RETURN FORM 1 for PT Resident Company,423684235.3,0,0,0,0,0,3470481.73,123195.39,0,0,0,427277912.4,281657657.8,0,0,0,4294679.33,0,0,0,0,1010628.8,943291.78,5527475.47,0,13950,19719.85,0,0,2421915.08,0,4276000.02,0,194169.61,0,10286632.89,2107958.02,5248088.52,3201735.97,0,8718528.78,28747844.39,848800.35,0,2492780.29,37617142.49,399628999.4,0,5527475.47,0,0,0,11146.89,40695.23,0,0,0,0,7331974.41,12911292,0,3604124.22,0,0,0,0,0,0,0,0,0,0,5950849.99,9554974.21,0,0,,0,174808604.6,73926316.56,81843808.45,653635.32,8305792.78,339538157.7,92666440.42,0,0,886189.44,0,93552629.86,433090787.6,188929727.1,0,0,0,2457306.4,191387033.5,0,0,0,4147833.12,4147833.12,195534866.6,0,0,0,,0,,0,0,0,0,0,,,,0,,0,0,0,0,0,0,0,0,0,0,0,0,0,0,,0,,,,0,0,31005230.74,0,31005230.74,9301569.22,0,9301569.22,0,9301569.22,0,18479,0,9301569.22,11232000,-1948909.78,9283090.22,13950,0,0,0,0,0,0,0,0,0,0,0,0,0,0,0,0,18479,0,0,3201735.97,4894268.8,10286633,0,0,0,0,0,0,0,0,0,0,0,3000 MANUFACTURING,3114,MANUFACTURE OF GRAIN MILL PRODUCTS,,,,,,,,,,,,,,,,,,,,,,,,,,,,,,,,,,423684235.3,0,123195.39,3470481.73,281657657.8,3201735.97,0,5527475.47,4294679.33,4276000.02,29596644.74,11491431.3,59583374.81,5527475.47,0,0,51842.12,0,0,0,7331974.41,0,11054950.94,0,0,0,5950849.99,0,0,0,0,,339538157.7,93552629.86,191387033.5,4147833.12,0,117801397.8,0,,13950,0,0,18479,8096004.77,10286633,0,0,195534866.6,427277912.4,3470481.73
39,500000152,STARWEST CONSTRUCTION LIMITED,81084,CORPORATE INCOME TAX,2015,359317,16-08-2016,22-08-2016,30-06-2016,39,4,CIT COY1 PT,CORPORATE INCOME TAX RETURN FORM 1 for PT Resident Company,0,87467505,0,0,0,0,0,0,0,0,324967,87792472,0,0,0,0,0,0,0,0,0,0,0,5549735,0,0,23470,0,0,834488,54744,0,60488,0,0,0,0,24629501,331899,0,0,27718646,0,0,2791757,26120989,88115717,0,5549735,0,-1429335,0,23470,0,0,0,0,0,20725,4164595,0,3523741,0,0,0,0,0,367680,0,1882792,0,,,5774213,0,0,0,0,5542892,19617869,21927012,0,0,47087773,13082664,0,0,1142390,0,14225054,61312827,21011991,0,0,0,11388845,32400836,0,0,3961278,677486,4638764,37039600,0,0,0,0,0,0,0,0,0,0,0,0,0,0,0,0,0,0,0,0,0,0,0,0,0,0,0,0,0,0,0,0,0,0,0,0,0,-1932863,0,0,0,0,0,0,0,0,0,0,0,0,0,0,0,0,0,0,0,0,0,0,0,0,0,0,0,0,0,0,0,0,0,0,0,0,0,0,0,0,0,0,0,0,0,0,0,0,5000 CONSTRUCTION,5110,CONSTRUCTION OF BUILDINGS,,,,,,,,,,,,,,,,,,,,,,,,,,,,,,,,,,87467505,0,0,324967,0,331899,0,5549735,0,54744,27718646,0,54460693,5549735,0,-1429335,23470,0,0,0,20725,0,11099470,0,367680,0,,0,,0,0,0,47087773,14225054,32400836,4638764,0,-1932863,0,,0,0,0,0,0,0,0,0,37039600,87792472,324967
40,500000152,STARWEST CONSTRUCTION LIMITED,81084,CORPORATE INCOME TAX,2016,598226,21-03-2017,09-05-2017,03-07-2017,39,5,CIT COY1 PT,CORPORATE INCOME TAX RETURN FORM 1 for PT Resident Company,46846896,0,0,0,0,0,44015,4230,0,0,0,46895141,0,0,0,0,1938,0,0,0,0,0,0,6120025,0,282000,9044,98481,2757,684603,861530,0,0,0,0,0,0,0,161401,20500,0,16762704,387934,0,1480082,23336954,50209953,0,6120025,0,76902,0,9044,0,0,0,0,0,505,6206476,0,3260403,0,0,0,0,0,0,0,29134,0,,,3289537,0,0,0,0,3500,24453028,26989311,0,0,51445839,13082664,0,0,1194858,6120025,8157497,59603336,23330120,0,0,0,11384889,34715009,0,0,0,2365557,2365557,37080566,0,0,0,0,0,0,0,0,0,0,0,0,0,0,0,0,0,0,0,0,0,0,0,0,0,0,0,0,0,0,0,0,0,0,0,0,0,-397873,0,0,0,0,0,0,0,0,0,0,0,0,0,0,0,0,0,0,0,0,0,0,0,0,0,0,0,0,0,0,0,0,0,0,0,0,0,0,0,0,0,0,0,0,0,0,0,0,5000 CONSTRUCTION,5110,CONSTRUCTION OF BUILDINGS,,,,,,,,,,,,,,,,,,,,,,,,,,,,,,,,,,46846896,0,4230,44015,0,161401,0,6120025,1938,861530,17150638,0,25914421,6120025,0,76902,9044,0,0,0,505,0,12240050,0,0,0,,0,,0,0,0,51445839,20397547,34715009,2365557,0,-397873,0,,0,0,0,0,0,0,0,0,37080566,46895141,44015
41,500000152,STARWEST CONSTRUCTION LIMITED,81084,CORPORATE INCOME TAX,2017,1158746,27-03-2018,05-04-2018,02-07-2018,39,6,CIT COY1 PT,CORPORATE INCOME TAX RETURN FORM 1 for PT Resident Company,0,66330209,0,0,0,0,27473,0,0,0,60183,66417865,0,0,0,0,2518,0,0,0,0,0,0,6987827,0,286260,31144,116715,500,642470,360651,0,0,140124,0,0,0,0,104117,38630,0,22882302,527556,0,2028220,26881390,61030424,0,7026953,0,0,0,31144,0,0,0,0,0,236732,7294829,0,4662061,0,0,0,0,0,0,1963057,3830810,0,,,8492871,0,0,0,0,10612834,8907156,28606488,0,0,48126478,21946705,0,0,1192296,7282161,15856840,63983318,25213143,0,0,0,12115883,37329026,0,0,0,0,0,37329026,0,0,0,0,0,0,0,0,0,0,0,0,0,0,0,0,0,0,0,0,0,0,0,0,0,0,0,0,0,0,0,0,0,0,0,0,0,4189399,2330736,1858663,557598.9,0,557598.9,0,557598.9,0,0,0,557598.9,0,557598.9,557598.9,0,0,0,0,0,0,0,0,0,0,0,0,0,0,0,0,0,0,0,0,104117,38630,0,0,0,0,0,0,0,0,0,0,0,0,5000 CONSTRUCTION,5110,CONSTRUCTION OF BUILDINGS,,,,,,,,,,,,,,,,,,,,,,,,,,,,,,,,,,66330209,0,0,87656,0,104117,0,6987827,2518,360651,23409858,140124,30025329,7026953,0,0,31144,0,0,0,236732,0,14014780,0,0,1963057,,0,,0,0,0,48126478,30421162,37329026,0,0,11724391.4,0,,0,0,0,0,142747,0,0,0,37329026,66417865,87656
42,500000152,STARWEST CONSTRUCTION LIMITED,81084,CORPORATE INCOME TAX,2018,1818927,02-07-2019,03-09-2019,01-07-2019,39,7,CIT COY1 PT,CORPORATE INCOME TAX RETURN FORM 1 for PT Resident Company,77280320,0,0,0,0,0,24576,2370,86386,0,1630961,79024613,0,0,0,0,5581,0,0,0,0,0,0,3191198,0,309490,58607,76327,3100,629291,21449,0,57413,5940,0,0,187444,0,593073,13800,0,26607118,552444,0,3348839,35810935,71472049,0,3191198,0,0,0,58607,0,0,0,0,0,316310,3566115,0,4353842,0,0,0,0,0,0,0,0,0,0,0,4353842,0,0,,0,6642764,0,38718949,0,0,45361713,14708309,0,0,6286071,3191197,17803183,63164896,5370080,0,0,0,0,5370080,0,0,0,28920383,28920383,34290463,0,0,0,,0,,0,0,0,0,0,,,,0,,0,0,0,0,0,0,0,0,0,0,0,0,0,0,,0,,,,0,0,6764837,0,6764837,2029451.1,0,2029451.1,0,2029451.1,0,0,0,2029451.1,1124038.11,905412.99,2029451.1,0,0,0,0,0,0,0,0,0,0,0,0,0,0,0,0,0,0,0,0,593073,0,0,0,0,0,0,0,0,0,0,0,0,0,5000 CONSTRUCTION,5110,CONSTRUCTION OF BUILDINGS,,,,,,,,,,,,,,,,,,,,,,,,,,,,,,,,,,77280320,0,2370,1741923,0,593073,0,3191198,5581,21449,27159562,5940,40495246,3191198,0,0,58607,0,0,0,316310,0,6382396,0,0,0,0,0,0,0,0,,45361713,24185577,5370080,28920383,0,25706380.6,0,,0,0,0,0,593073,0,0,0,34290463,79024613,1741923
43,500000161,AUSTRALIA AND NEW ZEALAND BANKING GROUP (PNG) LTD,34352,CORPORATE INCOME TAX,2015,271090,31-03-2016,07-04-2016,30-06-2016,39,4,CIT COY1 PT,CORPORATE INCOME TAX RETURN FORM 1 for PT Resident Company,0,0,0,0,0,0,142404934.5,355547153.7,0,0,79848450.99,577800539.2,0,0,0,10070903.44,584338.55,5285150.05,0,0,0,345628.38,0,7510335.17,0,0,244573.52,0,93000,1813748.54,24753960.2,0,0,408010.27,0,62083178.24,1047115.94,3153913.64,16079356.32,0,0,43443725.7,2105807.4,99293.27,3497169.7,96938273.16,279557481.5,10070903.44,7510335.17,0,31203679.28,0,244573.52,389894.45,0,172204425,0,0,38589562.53,260213373.3,25782069.39,16836496.99,96568626.43,0,0,0,0,0,0,56631185.19,0,,,195818378,0,0,0,0,3183101806,0,68145597.46,2895794.32,3440643850,6694787048,76177693.05,16364844.64,0,0,55047584.96,37494952.73,6732282001,151794828.1,5143582.2,102168847.8,27605075.21,4876283667,5162996000,0,0,0,0,0,5162996000,0,0,0,0,0,0,0,0,0,0,0,0,0,0,0,0,0,0,0,0,0,0,0,0,0,0,0,0,0,0,0,0,0,0,0,0,0,362638053.1,0,362638053.1,108791415.9,0,108791415.9,0,108791415.9,0,0,0,108791415.9,150177555,-41386139.08,108791415.9,0,0,0,0,0,0,0,0,0,0,0,0,0,0,0,0,0,0,0,0,0,0,0,0,0,0,0,0,0,0,0,0,0,0,"8000 FINANCE, INSURANCE, BUSINESS SERVICES AND REAL ESTATE ACTIVITIES",8110,BANKS AND SAVING AND LOAN SOCIETIES,,,,,,,,,,,,,,,,,,,,,,,,,,,,,,,,,,0,0,355547153.7,222253385.5,0,16079356.32,0,17581238.61,584338.55,30039110.25,45648826.37,62836816.89,106787794.5,17581238.61,0,31203679.28,634467.97,0,172204425,0,38589562.53,25782069.39,15020670.34,0,0,0,,0,,0,0,0,6694787048,147590122.7,5162996000,0,0,1378024602,0,,0,0,0,0,0,0,0,0,5162996000,577800539.2,222253385.5
44,500000161,AUSTRALIA AND NEW ZEALAND BANKING GROUP (PNG) LTD,34352,CORPORATE INCOME TAX,2016,639474,31-03-2017,19-06-2017,03-07-2017,39,5,CIT COY1 PT,CORPORATE INCOME TAX RETURN FORM 1 for PT Resident Company,0,0,0,0,0,0,128004158.6,383455900.8,0,0,67890265.76,579350325.1,0,0,0,8082679,781247.83,7631008.83,0,0,0,316979.59,2335288.74,8479327,0,214125,211702.07,0,90000,2518981.56,21037843.14,0,0,521605.58,0,59871907.92,1016045.09,2776188.02,18419345.32,0,172455.09,42218495.49,2046608.3,31649,2957465.21,150797962.8,332528910.6,8082678.84,8479327,0,87570598.34,0,211702.07,643961.57,0,0,0,0,169613184.2,274601452,0,96204331.81,0,0,0,0,0,598188,0,89896665.19,0,,,186699185,0,0,0,0,4113157912,0,3362123817,3394471.61,108705655,7587381856,126050406.6,16445000,0,0,109502159.6,32993247,7620375103,5709280307,3694635.75,36758051.64,0,128673286.2,5878406280,0,0,0,0,0,5878406280,0,0,0,0,0,0,0,0,0,0,0,0,0,0,0,0,0,0,0,0,0,0,0,0,0,0,0,0,0,0,0,0,0,0,0,0,0,334723681.6,0,334723681.6,100417104.5,0,100417104.5,0,100417104.5,0,0,0,100417104.5,117494727,-17077622.54,100417104.5,214125,0,0,89932,0,0,0,0,0,0,0,0,0,0,0,0,0,1107219.87,0,0,18419345.28,172455.09,59871908,0,0,0,0,0,0,0,0,0,0,0,"8000 FINANCE, INSURANCE, BUSINESS SERVICES AND REAL ESTATE ACTIVITIES",8110,BANKS AND SAVING AND LOAN SOCIETIES,,,,,,,,,,,,,,,,,,,,,,,,,,,,,,,,,,0,0,383455900.8,195894424.3,0,18419345.32,0,16562006,781247.83,28668851.97,44296752.79,60710493.09,163090213.6,16562005.84,0,87570598.34,855663.64,0,0,0,169613184.2,0,16958654,0,598188,0,,0,,0,0,0,7587381856,251997566.3,5878406280,0,0,1271949990,0,,304057,0,0,1107219.87,18591800.37,59871908,0,0,5878406280,579350325.1,195894424.3
45,500000161,AUSTRALIA AND NEW ZEALAND BANKING GROUP (PNG) LTD,34352,CORPORATE INCOME TAX,2017,1468336,20-03-2018,02-11-2018,02-07-2018,39,6,CIT COY1 PT,CORPORATE INCOME TAX RETURN FORM 1 for PT Resident Company,0,0,0,0,0,0,157047380.8,363118366.6,0,0,58321810.78,578487558.2,0,0,0,0,405509.15,9325080.32,0,0,0,172109.95,2376484.75,8123906.9,0,222700,199466.4,0,10600,1205740.96,13312054.48,0,0,715592.85,0,53378421.83,1123068.43,3940724.02,20063801.45,0,179372.2,40953684.43,1896027.42,27310.85,2315734.56,79141229.01,239088620,0,8123906.9,0,19407166.28,0,199466.4,777470.83,0,0,0,0,107275857.6,135783868,0,45114288.49,0,0,0,0,0,118872,0,93938780.51,0,,,139171941,0,0,0,0,4445518000,0,2543505000,5501895,638513105,7633038000,129756000,16739000,0,0,117194000,29301000,7662339000,5425845000,7063902,17271522,234243576,0,5684424000,0,0,0,0,0,5684424000,0,0,0,0,0,0,0,0,0,0,0,0,0,0,0,0,0,0,0,0,0,0,0,0,0,0,0,0,0,0,0,0,0,0,0,0,0,336010865.2,0,336010865.2,100803259.6,0,100803259.6,0,100803259.6,0,0,0,100803259.6,108450471,-7647211.43,100803259.6,222600,0,0,93492,0,0,0,37951892.91,5698880.57,5698880.57,32253012.34,0,0,0,0,0,32253012.34,813884.77,0,0,20063801.45,0,0,0,0,0,0,0,0,0,0,0,0,0,"8000 FINANCE, INSURANCE, BUSINESS SERVICES AND REAL ESTATE ACTIVITIES",8110,BANKS AND SAVING AND LOAN SOCIETIES,,,,,,,,,,,,,,,,,,,,,,,,,,,,,,,,,,0,0,363118366.6,215369191.6,0,20063801.45,0,8123906.9,405509.15,22637134.8,42877022.7,54266124.63,90715120.33,8123906.9,0,19407166.28,976937.23,0,0,0,107275857.6,0,16247813.8,0,118872,0,,0,,0,0,0,7633038000,263689000,5684424000,0,0,1276841288,0,,316092,0,113855678.7,813884.77,20063801.45,0,0,0,5684424000,578487558.2,215369191.6
46,500000161,AUSTRALIA AND NEW ZEALAND BANKING GROUP (PNG) LTD,34352,CORPORATE INCOME TAX,2018,1676490,29-03-2019,06-05-2019,01-07-2019,39,7,CIT COY1 PT,CORPORATE INCOME TAX RETURN FORM 1 for PT Resident Company,0,0,0,0,0,0,153283869.2,341815344.3,0,0,50835042.06,545934255.5,0,0,0,0,645868.42,6987378.93,0,0,0,242060.95,2329120.78,7731221.6,0,290080,175206.88,0,39500,688774.71,10544211.11,0,0,1124731.3,0,56305239.88,1092733.03,3777919.17,19880221.62,0,0,41089166.39,1774045.94,0,2336104.91,67687299.35,224740885,0,7731221.6,0,0,0,175006.89,912537.99,0,0,0,0,119021859.5,127840626,0,22851797.97,0,0,0,0,0,0,0,0,0,0,97138626.03,119990424,0,0,,0,3796667000,0,2164884000,1714000,863070897.3,6826335897,130072827.5,16741869.4,0,0,123288594.2,23526102.66,6849862000,3203531000,7265706.63,13991000,0,1534320293,4759108000,0,0,0,0,0,4759108000,0,0,0,,0,,0,0,0,0,0,,,,0,,0,0,0,0,0,0,0,0,0,0,0,0,0,0,,0,,,,0,0,329043572.5,0,329043572.5,98713071.76,0,98713071.76,0,98713071.76,0,0,0,98713071.76,117126510,-18413438.24,98713071.76,290080,0,0,121822,0,0,0,0,0,0,0,0,0,0,0,0,0,458883.28,0,0,19880221.62,0,56305293.88,0,0,0,0,0,0,0,0,0,0,0,"8000 FINANCE, INSURANCE, BUSINESS SERVICES AND REAL ESTATE ACTIVITIES",8110,BANKS AND SAVING AND LOAN SOCIETIES,,,,,,,,,,,,,,,,,,,,,,,,,,,,,,,,,,0,0,341815344.3,204118911.2,0,19880221.62,0,7731221.6,645868.42,17531590.04,42863212.33,57672032.13,78416738.83,7731221.6,0,0,1087544.88,0,0,0,119021859.5,0,15462443.2,0,0,0,97138626.03,0,0,0,0,,6826335897,270103291.1,4759108000,0,0,1250365576,0,,411902,0,0,458883.28,19880221.62,56305293.88,0,0,4759108000,545934255.5,204118911.2
47,500000170,HBS (PNG) LIMITED,35704,CORPORATE INCOME TAX,2015,351192,29-07-2016,10-08-2016,30-06-2016,39,4,CIT COY1 PT,CORPORATE INCOME TAX RETURN FORM 1 for PT Resident Company,106316301,36760030,0,0,0,5642981,0,0,2596140,0,2332783,153648235,80966287,0,0,0,475685,0,0,0,0,926354,0,17673967,0,0,24511,-486788,10994,864593,9734723,0,0,96705,0,0,1385166,954525,1073128,0,0,21397335,0,0,2161078,6708054,143966317,0,17673967,0,671392,0,35505,6706,0,0,0,0,2132508,20520078,0,10896757,0,0,0,0,0,0,0,8756094,0,,,19652851,1375147,0,0,1375147,159205,44387831,11864565,595816,4005479,61012896,199576697,0,0,3221443,49916502,152881638,213894534,7244769,0,0,0,31577817,38822586,0,0,86973949,3067338,90041287,128863873,0,0,0,0,0,0,0,0,0,0,0,0,0,0,0,0,0,0,0,0,0,0,0,0,0,0,0,0,0,0,0,0,0,0,0,0,0,10549145,0,10549145,3164743.5,1375147,1789596.5,0,1789596.5,0,0,0,1789596.5,2000000,-210403.5,1789596.5,0,0,0,0,0,0,0,0,0,0,0,0,0,0,0,0,0,0,0,0,0,0,0,0,0,0,0,0,0,0,0,0,0,0,7000 TRANSPORT AND COMMUNICATIONS,7110,LAND TRANSPORT,,,,,,,,,,,,,,,,,,,,,,,,,,,,,,,,,,143076331,0,5642981,4928923,80966287,1073128,0,17673967,475685,9734723,21397335,1023059,11622133,17673967,0,671392,42211,0,0,0,2132508,0,35347934,0,0,0,,0,,1375147,0,0,61012896,252714642,38822586,90041287,0,34586163,0,,0,0,0,0,0,0,0,0,128863873,153648235,4928923
48,500000170,HBS (PNG) LIMITED,35704,CORPORATE INCOME TAX,2016,841838,02-10-2017,18-10-2017,03-07-2017,39,5,CIT COY1 PT,CORPORATE INCOME TAX RETURN FORM 1 for PT Resident Company,203677749,0,0,0,0,2329604,0,0,0,0,1609672,207617025,137329424,0,0,0,306919,0,0,0,0,0,0,13307635,0,0,37345,80961,4808,1160461,5195252,0,0,168950,0,0,1305866,4507220,0,0,0,29486114,425456,0,2032696,5526225,200875332,0,13307635,0,0,0,0,44133,0,0,0,0,1328440,14680208,0,11253649,0,0,0,0,0,0,0,16052435,0,,,27306084,0,0,0,0,5092,891959,10422418,615451,3494498,15429418,167983600,0,51,38382604,43230943,163135312,178564730,1136895,297276,796443,0,15293206,17523820,55416210,6811877,10857276,2706036,75791399,93315219,0,0,0,0,0,0,0,0,0,0,0,0,0,0,0,0,0,0,0,0,0,0,0,0,0,0,0,0,0,0,0,0,0,0,0,0,0,-5884183,0,0,0,0,0,0,0,0,0,0,0,390794.54,-390794.54,0,0,0,0,0,0,0,0,0,0,0,0,0,0,0,0,0,0,0,0,0,0,0,0,0,0,0,0,0,0,0,0,0,0,0,7000 TRANSPORT AND COMMUNICATIONS,7110,LAND TRANSPORT,,,,,,,,,,,,,,,,,,,,,,,,,,,,,,,,,,203677749,0,2329604,1609672,137329424,0,0,13307635,306919,5195252,29911570,168950,14655582,13307635,0,0,44133,0,0,0,1328440,0,26615270,0,0,0,,0,,0,0,0,15429418,249597198,17523820,75791399,0,-5884183,0,,0,0,0,0,0,0,0,0,93315219,207617025,1609672
49,500000170,HBS (PNG) LIMITED,35704,CORPORATE INCOME TAX,2017,841835,12-10-2018,18-10-2018,03-07-2018,39,5,CIT COY1 PT,CORPORATE INCOME TAX RETURN FORM 1 for PT Resident Company,203677749,0,0,0,0,2329604,0,0,0,0,1609672,207617025,137329424,0,0,0,306919,0,0,0,0,0,0,13307635,0,0,37345,80961,4808,1160461,5195252,0,0,168950,0,0,1305866,4507220,0,0,0,29486114,425456,0,2032696,5526225,200875332,0,13307635,0,0,0,0,44133,0,0,0,0,1328440,14680208,0,11253649,0,0,0,0,0,0,0,16052435,0,,,27306084,0,0,0,0,5092,891959,10422418,615451,3494498,15429418,167983600,0,51,38382604,43230943,163135312,178564730,1136895,297276,796443,0,15293206,17523820,55416210,6811877,10857276,2706036,75791399,93315219,0,0,0,0,0,0,0,0,0,0,0,0,0,0,0,0,0,0,0,0,0,0,0,0,0,0,0,0,0,0,0,0,0,0,0,0,0,-5884183,0,0,0,0,0,0,0,0,0,0,0,390794.54,-390794.54,0,0,0,0,0,0,0,0,0,0,0,0,0,0,0,0,0,0,0,0,0,0,0,0,0,0,0,0,0,0,0,0,0,0,0,7000 TRANSPORT AND COMMUNICATIONS,7110,LAND TRANSPORT,,,,,,,,,,,,,,,,,,,,,,,,,,,,,,,,,,203677749,0,2329604,1609672,137329424,0,0,13307635,306919,5195252,29911570,168950,14655582,13307635,0,0,44133,0,0,0,1328440,0,26615270,0,0,0,,0,,0,0,0,15429418,249597198,17523820,75791399,0,-5884183,0,,0,0,0,0,0,0,0,0,93315219,207617025,1609672
50,500000170,HBS (PNG) LIMITED,35704,CORPORATE INCOME TAX,2018,841935,12-10-2019,18-10-2019,03-07-2019,39,5,CIT COY1 PT,CORPORATE INCOME TAX RETURN FORM 1 for PT Resident Company,203677749,0,0,0,0,2329604,0,0,0,0,1609672,207617025,137329424,0,0,0,306919,0,0,0,0,0,0,13307635,0,0,37345,80961,4808,1160461,5195252,0,0,168950,0,0,1305866,4507220,0,0,0,29486114,425456,0,2032696,5526225,200875332,0,13307635,0,0,0,0,44133,0,0,0,0,1328440,14680208,0,11253649,0,0,0,0,0,0,0,16052435,0,,,27306084,0,0,0,0,5092,891959,10422418,615451,3494498,15429418,167983600,0,51,38382604,43230943,163135312,178564730,1136895,297276,796443,0,15293206,17523820,55416210,6811877,10857276,2706036,75791399,93315219,0,0,0,0,0,0,0,0,0,0,0,0,0,0,0,0,0,0,0,0,0,0,0,0,0,0,0,0,0,0,0,0,0,0,0,0,0,-5884183,0,0,0,0,0,0,0,0,0,0,0,390794.54,-390794.54,0,0,0,0,0,0,0,0,0,0,0,0,0,0,0,0,0,0,0,0,0,0,0,0,0,0,0,0,0,0,0,0,0,0,0,7000 TRANSPORT AND COMMUNICATIONS,7110,LAND TRANSPORT,,,,,,,,,,,,,,,,,,,,,,,,,,,,,,,,,,203677749,0,2329604,1609672,137329424,0,0,13307635,306919,5195252,29911570,168950,14655582,13307635,0,0,44133,0,0,0,1328440,0,26615270,0,0,0,,0,,0,0,0,15429418,249597198,17523820,75791399,0,-5884183,0,,0,0,0,0,0,0,0,0,93315219,207617025,1609672
